id,url,title,parkCode,description,category,relatedRoadEvents,lastIndexedDate,Road_Closure_Human,,
A3206816-F751-494A-A8C8-3A2027656038,,"Cochran Shoals - Interstate North Men's Restroom Closed Wednesday, 10/1",chat,"The men's restroom at Cochran Shoals - Interstate North will be closed for repairs on Wednesday, October 1, 2025.",Information,[],00:00.0,no,,
89D019BD-F0A7-4DAA-8427-31C7ADCA4D7E,,Trail Closures for Feral Hog Management 09/30,cong,"Weston Lake, Oakridge, River, & Kingsnake Trails will be closed on Tuesday, September 30, from 7:00 AM to 3:00 PM for feral hog management work. Cedar Creek between Bannister Bridge & South Cedar Canoe Landing will also be closed during this time.",Park Closure,[],00:00.0,no,,
872E3239-CDB2-4E89-8F57-1C87EC3FC3FE,https://www.nps.gov/grca/northrimstatus.htm,"North Rim Status and Inner Canyon Closures —Tuesday, September 30, 2025",grca,"Follow the link for North Rim status and current closures. ADDITIONAL CLOSURES: South Kaibab Trail below the Tipoff, Phantom Ranch and North Kaibab Trail.",Park Closure,"[{'title': 'North Rim Roads Are Closed by the Dragon Bravo Wildfire', 'id': '872E3239-CDB2-4E89-8F57-1C87EC3FC3FE', 'type': 'roadevent', 'url': 'https://www.nps.gov/grca/planyourvisit/conditions.htm'}]",00:00.0,no,,
2CF15EBC-0800-4DF3-8179-B1579B6D4F57,https://www.nps.gov/grca/planyourvisit/key-messages.htm,"Tuesday, September 30, 2025 — Critical Backcountry Updates/Closures",grca,"Visit the link for the inner canyon weather forecast, today's heat risk and drinking water availability. Inner Canyon High 92°F (33°C)",Park Closure,[],00:00.0,no,,
3396D6D3-5F44-4532-B48B-42A629991493,https://www.nps.gov/grca/planyourvisit/grand-canyon-national-park-public-health-update.htm,"What's Closed and What's Open on South Rim —Tuesday, September 30, 2025",grca,Visit this link for a list of the available visitor services in Grand Canyon Village and at Desert View. —South Rim High 70°F (21°C) Low 40°F (4°C). Mostly sunny.,Park Closure,[],00:00.0,no,,
83FCF166-F81F-4492-A1D1-3013CD2A09D3,https://www.nps.gov/grsm/planyourvisit/conditions.htm,Park Headquarters Road and part of the Gatlinburg Trail closed,grsm,"Park Headquarters Road and a portion of the Gatlinburg Trail are closed through September 2025 due to rehabilitation work on the Sugarlands water and wastewater systems. During this time, 0.6 miles of the Gatlinburg Trail remain open and accessible from the downtown Gatlinburg trailhead. There is no access to the trail from the Sugarlands Visitor Center. The full trail is expected to reopen on October 3.",Park Closure,"[{'title': 'Park Headquarters Road closed', 'id': '83FCF166-F81F-4492-A1D1-3013CD2A09D3', 'type': 'roadevent', 'url': 'https://www.nps.gov/grsm/planyourvisit/conditions.htm'}]",00:00.0,yes,,
0EBAC395-1B4F-43EE-B58B-DB07DB142E16,https://www.nps.gov/nace/learn/management/public-notice-keaq-parkinglot.htm,"Kenilworth Aquatic Gardens Parking Lot Closed until December 31, 2025",keaq,"Kenilworth Aquatic Gardens main entrance and parking lot will remain closed until December 31, 2025, at 11:59 pm. Visitors may enter through the gate at Anacostia Ave NE and Douglas St NE. Street parking is available.",Park Closure,[],00:00.0,yes,,
F43C6435-4C08-4DF8-B1DD-C92B68C9E805,,Jenny Lake Lakeshore Trail Reroute,grte,"The Jenny Lake Boat Dock Bridge is under construction, and the trail has been temporarily rerouted. Temporary reroutes will be in place until October 23rd. Maps and directional signage will be posted in the area of the reroute to guide you along the trail during construction. Jenny Lake Boating is closed for the season.",Information,[],00:00.0,no,,
DEAA46AB-D403-4881-BA8D-565AF102883E,,Great Falls Entrance Road,choh,"On Tuesday, October 7, the Great Falls Entrance Road (MacArthur Blvd) will be reduced to a single lane.",Information,[],00:00.0,yes,,
208B93A1-629C-4A62-A0A8-D649CB307015,,Tower of Voices Closure 9/30/2025,flni,"The Tower of Voices is temporarily closed Tuesday, September 30 for maintenance on the access road.",Park Closure,[],00:00.0,no,,
A1AF6922-BA1A-4F82-80F5-665B364E1346,https://www.nps.gov/glca/learn/news/lpp.htm,Beware of Harmful Algal Blooms,glca,Harmful Algal Blooms with the presence of cyanotoxins have been found in multiple areas at Lake Powell in concentrations that are at the high end of safe exposure levels. Use caution and avoid unnecessary exposure to reservoir water if recreating.,Caution,[],00:00.0,no,,
DF4F7F86-3E88-4D59-BC3A-945F1BCE6932,,Wheeler Peak Campground Closed due to Winter Weather Conditions,grba,Wheeler Peak Campground is closed for the season as of 09/30/2025 for winter weather conditions. All other campgrounds remain open at this time.,Park Closure,[],00:00.0,no,,
F29E4B87-4595-4B1F-9318-641FCDDDBCE9,,Wheeler Peak Scenic Drive Closed at Mather Overlook (6mi),grba,The Wheeler Peak Scenic Drive is Closed at Mather Overlook for seasonal winter closure as of 09/30/2025.,Park Closure,[],00:00.0,yes,,
9D047BC4-DC86-4A9D-AF1E-8299D40C6A71,https://www.nps.gov/noca/planyourvisit/road-conditions.htm,Cascade River Road Closure,noca,Cascade River Road is closed at milepost 20 (Eldorado parking lot) three miles before the trailhead. Cascade River Road usually opens in mid-summer depending on snow and road damage. Foot and bicycle traffic is permitted beyond the gate.,Park Closure,[],00:00.0,yes,,
17B42D3F-84E4-4B78-900F-670C9D625658,,Sept. 29-Oct. 3 approved Uncrewed Aircraft System (drone) use,slbe,"Research under approved permit entitled ""Mapping dune erosion and sand transport at Sleeping Bear Dunes National Lakeshore"" will be conducted via Uncrewed Aircraft System (drone) that will be flown at the following locations: Dune Climb, Pierce Stocking Scenic Drive Overlook #9, Pyramid Point, Empire Bluff trail (boardwalk and bluff edge area).",Information,[],00:00.0,no,,
36736D3B-B300-4DD0-B546-67C6374A7E1B,,Beach safety closure in place in northern Rodanthe,caha,"Due to the presence of threatened oceanfront structures, the beach in the village of Rodanthe, from East Point Drive south for approximately 0.15 miles to Surfside Drive, is closed.",Park Closure,[],00:00.0,no,,
51204133-7729-4B51-B78F-7870E3FFB757,,High Wind and Rip Current Risk from Offshore Storms,cuis,"The National Park Service is closely monitoring the tropics for the development of weather systems with potential to impact the surrounding area. Visitor Services are operating under normal conditions at this time. Please check updates before visiting. We are expecting the severe risk of rip currents now until further notice. Please avoid swimming during this time. For up-to-date alerts and hazards, follow the link to the National Weather Service. https://www.weather.gov/jax",Danger,[],00:00.0,no,,
0E31ECDE-AF77-4BA3-9005-C064906DCBB6,https://www.nps.gov/romo/planyourvisit/hiking.htm,Temporary Trail Closure Impacting Access to Dream Lake & Emerald Lake,romo,"Beginning today, September 29 through Thursday, October 2, and again Monday, October 6 through Thursday, October 9, trail access to Dream Lake and Emerald Lake will be closed to all uses for a bridge replacement project. Dream Lake & Emerald Lake will not be accessible during this closure. This popular trail section will reopen Friday through Sunday (Oct 3 through Oct 5) and close again on Monday, Oct 6. All other trails in the Bear Lake area will remain open, including access to Lake Haiyaha.",Park Closure,[],00:00.0,no,,
32D952FE-69A1-422A-BD2B-D3D00CF05EE1,,Preservation Work at Mission Concepción Church,saan,"The church facade at Mission Concepción is receiving some preservation work stabilizing deteriorated masonry, removal of cement-based mortars and more. Access to the site and church remains open.",Information,[],00:00.0,no,,
E9C17771-F339-4500-99E8-B712752FB66E,,Bookstore Closed September 29-October 1,deto,The Bookstore will be closed September 29-October 1. During this time the Visitor Center will remain open.,Park Closure,[],00:00.0,no,,
11465413-C4F3-441C-BFF9-BEB55AB9052D,,Be City Smart: Take precautions to secure your vehicle and valuables.,petr,This is an urban park. Don't hide valuables inside your car. Carry items with you on hike. Lock your vehicle and set car alarm. Report suspicious persons loitering/peeking in cars. Call 928-638-7805,Caution,[],00:00.0,no,,
98CB65BD-C200-47D3-A9FD-B3B452B9DC5D,https://www.nps.gov/grsa/planyourvisit/medano-pass-road.htm,Medano Pass Primitive Road Impassible to Most Vehicles at Crossing Two,grsa,Erosion and deep mud near the second creek crossing are making the road impassible to most vehicles. Park road crews are repairing this section. Please check the park website here for updates before your trip.,Caution,[],00:00.0,yes,,
58E30F52-2D8A-44AE-902D-651FA61A04F4,,"Parking Closure of Fort Mason Bay Street Lot Starting October 6, 2025",goga,"Bay Street Parking Lot at upper Fort Mason will close to vehicles on October 6. Lot will be closed Fall 2025 through Fall 2026. Lot will be fenced and used as a staging area for utilities project occurring at Fort Mason. Do not park in lot after midnight on October 5, 2025. Vehicles will be towed at owner's expense.",Park Closure,"[{'title': 'Parking Closure of Fort Mason Bay Street Lot Starting October 6, 2025', 'id': '58E30F52-2D8A-44AE-902D-651FA61A04F4', 'type': 'roadevent', 'url': 'https://www.nps.gov/goga/planyourvisit/conditions.htm'}]",00:00.0,yes,,
6EC20CC5-4731-4E02-BDE1-AC5330C09182,,Oct 3-5: Temporary Lane Closure on Rock Creek and Potomac Parkway,rocr,"From Friday, Oct. 3 at 8 pm until Sunday, Oct. 5 at 8 pm, the right southbound lane of Rock Creek and Potomac Parkway will be closed between P Street NW and Pennsylvania Avenue NW to allow DC Water to conduct repair work.",Information,[],00:00.0,yes,,
3032989A-A3CF-4ED8-B80F-FB84A828D76B,,"Oct 3-5: Temporary Closure of Multi-Use Trail, P St to Pennsylvania Ave.",rocr,"From Friday, Oct. 3 at 8 pm until Sunday, Oct. 5 at 8 pm, the multi-use trail between P Street NW and Pennsylvania Avenue NW will be closed for DC Water to conduct repair work. During the closure, please follow the signs which indicate a detour route.",Information,[],00:00.0,no,,
B500783E-4014-4447-A7A0-5EED9674D710,https://www.nps.gov/bith/planyourvisit/safety.htm,Hunting Season Underway: Sep 27 to Feb 28,bith,"Hunting is allowed in the following units: Big Sandy Creek, Beech Creek, Lance Rosier, Beaumont, Neches Bottom & Jack Gore Baygall. People entering those units should wear orange. Most hiking trails are NOT in hunting zones (exception: Big Sandy Trail).",Caution,[],00:00.0,no,,
8D3FD88C-64BF-4D90-B73B-89BDB9E79E72,,Park phones are out of order,whsa,Phones lines at White Sands National Park are currently down. If you need to reach the park please email whsa_interpretation@nps.gov.,Information,[],00:00.0,no,,
AE71426A-C201-4410-AA1B-D2E044B85655,,Flash flood risk on HWY 35 and HWY 15,gicl,"Hwy 35 and HWY15 is at risk for flash flooding. Please exercise caution while traveling and check the latest weather updates before your trip. Don't drown, turn around!",Caution,[],00:00.0,no,,
0F3957FA-F885-4795-83DE-CE214FB511BA,,Temporary Closure of Petroglyph Boardwalk,kaho,"We will be working to replace the petroglyph boardwalk beginning on October 27th, 2025, through February 1st, 2026. During this time, the boardwalk will be closed for renovations.",Information,[],00:00.0,no,,
3E4B8C08-23A0-4F40-B290-53BB4959E6CD,https://www.nps.gov/shen/planyourvisit/alert-system.htm,Get Skyline Drive Status Updates,shen,"Sign up for Shenandoah Alerts by texting SHENALERTS to 888777. Any time there are closures, re-openings, or other important safety-related alerts, subscribers will receive a notification via text. You may unsubscribe at any time.",Information,[],00:00.0,no,,
E0AB5DF7-E8C9-4E12-B0AA-3D7705426589,https://www.nps.gov/mora/learn/news/paradise-water-system-and-restrooms-shut-down-until-further-notice.htm,Paradise Water Supply Limited - Please help conserve water!,mora,"After an outage of the Paradise water supply, some water service has been restored. There are limited flush restrooms available at Paradise. Porta-potties are available at Paradise & Narada Falls.",Information,[],00:00.0,no,,
442E4F2B-C87C-4984-8315-DA2B02F729F3,https://www.nps.gov/biso/learn/news/big-south-fork-announces-temporary-closure-of-blue-heron-tipple-bridge.htm,Big South Fork Announces Temporary Closure of Blue Heron Tipple Bridge,biso,"Big South Fork NRRA has announced the temporary closure of the historic Blue Heron Tipple Bridge, effective immediately in the interest of visitor safety. A recent bridge safety inspection conducted by the Federal Highway Administration identified structural issues specific to the pier’s bridge decking which is now leaning beyond acceptable standards.",Information,[],00:00.0,yes,,
587FA8D1-FD28-4A77-A5B8-6ED5CC62BAA0,https://www.nps.gov/biso/learn/news/access-to-big-south-fork-s-scenic-o-w-road-blocked-due-to-bridge-failure.htm,Access to Big South Fork’s Scenic O&W Road Blocked Due to Bridge Failure,biso,Road access to O&W Road was blocked by order of the State of Tennessee Department of Transportation. Pine Creek Bridge was closed by the state because it was deemed unsafe. The closed bridge is the first bridge on O&W Road after the Toomey Road intersection. The closed bridge is outside of the boundary of the Big South Fork National River & Recreation Area.,Information,[],00:00.0,yes,,
84FFB807-A9DE-4374-8859-A45FC7BBDC32,,"Effective October 6, 2025 - Park Visitor Center - Temporarily Moved",malu,"Effective October 1, 2025, the park Visitor Center at 450 Auburn Avenue will be closed for renovations. The temporary Visitor Center will be located at Fire Station No. 6 at 39 Boulevard. Visitor parking GPS: 423 John Wesley Dobbs NE Atlanta Georgia",Information,[],00:00.0,no,,
A8445CF7-4BD1-4EA1-8D97-7A3269314892,https://www.nps.gov/perl/learn/news/advance-reservations-for-uss-arizona-memorial-will-pause-beginning-july-9-while-preservation-work-continues.htm,"September 30, 2025, boats will operate in the vicinity of the memorial.",valr,"Tomorrow, September 30, we will be operating boats on the harbor in the vicinity of the USS Arizona Memorial from 8 am to 3:30 pm. Please expect extended delays between boats. Preservation work may impact direct access to the memorial.",Information,[],00:00.0,no,,
806AD68E-F1E5-4D28-9A5E-910193F04473,,All Fort Sumter Ferries CANCELED Monday Sept 29 and Tuesday Sept 30,fosu,"All Fort Sumter ferries are CANCELED on Monday September 29 and Tuesday September 30, 2025. For more information about tickets, please contact Fort Sumter Tours at (843) 883-3123 or www.fortsumtertours.com All other Charleston National park sites will remain open including Fort Moultrie and the Fort Sumter Visitor Center at Liberty Square. For updated closure information, please monitor this website or visit our Facebook page.",Park Closure,[],00:00.0,no,,
D143C837-28F0-4759-B604-8DB084276532,https://www.nps.gov/elma/planyourvisit/driving-to-big-tubes.htm,NPS 300 Road Conditions,elma,"NPS 300 to Big Tubes has not been evaluated since the most recent rainstorms. A high clearance, four-wheel drive vehicle is recommended.",Caution,[],00:00.0,yes,,
AA99D6DB-C985-49E1-9A88-1C9A4AA97137,https://www.nps.gov/elma/learn/management/superintendent-s-compendium.htm,Stage II Fire Restrictions in effect,elma,"Stage II Fire Restrictions are in effect until further notice. The following activities are prohibited: building, maintaining, attending or using a fire, campfire, charcoal, coal, or wood stove and smoking, except within an enclosed vehicle.",Caution,[],00:00.0,no,,
C380E82F-798C-43B7-8B19-510BB2BEDB6D,,Debris on Roadways,moja,Use caution when driving through Mojave National Preserve. All roadways have debris on them due to storms over the weekend and may be flooded.,Caution,[],00:00.0,yes,,
BC1BD87D-7655-41BA-8A8E-80B3470E053E,,Accessible Lift Temporarily Out Of Order,mava,"Due to unforeseen circumstances, the accessible lift to Lindenwald is temporarily out of order. We apologize for any inconvenience.",Information,[],00:00.0,no,,
E124DAA0-C101-4260-A0A4-BF9A02E596A4,https://www.nps.gov/gero/planyourvisit/hours.htm,George Rogers Clark NHP in the Eastern Time Zone,gero,George Rogers Clark National Historical Park is located in the Eastern Time Zone. The memorial closes 15 minutes before the visitor center.,Information,[],00:00.0,no,,
34716E37-18AB-400B-96D0-2DA7E0F28B40,,Road Closures,bibe,"River Road East is open from the eastern end to the Glenn Spring Road junction. Glenn Spring Road is open. The paved road between Castolon and Santa Elena Canyon (Park Route 16) is open. River Road is closed west of the Glenn Springs Road junction. Old Ore Road, Hot Springs Road, and Black Gap Road are all closed. Unpaved roads require 4-wheel drive. Your safety is your responsibility, be prepared to self-rescue.",Park Closure,[],00:00.0,yes,,
BF331E2F-E6DB-407A-B873-443B8BA6B2DD,,Trolleys Out of Service,lowe,The Lowell National Historical Park Trolleys are currently not operating for public runs or on any scheduled tours due to unplanned complications with the power lines,Information,[],00:00.0,no,,
3AD423CE-5CD9-4A38-85E6-142AC41B7CC9,,High winds expected as impact of offshore storms,fofr,The National Park Service is closely monitoring the tropics. High winds are expected through the week. Be aware of surroundings as trees can be vulnerable to high wind. Visitor Services are operating under normal conditions at this time. Please check updates before visiting.,Caution,[],00:00.0,no,,
B28BDD5D-BBC4-454C-A34B-BE47D64A1C3A,,Oasis of Mara Trail Closed,jotr,"Due to a heavy flooding event, the Oasis of Mara Trail is closed until further notice.",Park Closure,[],00:00.0,no,,
6BF7A5BC-3966-4B77-B66D-A09141E99AF6,,Use Caution Kelso Dunes Road,moja,"Flooding has resulted in damage to Kelso Dunes Road. Watch for numerous washouts with dirt, rocks, potholes, debris and sharp shoulder drop-offs. Use caution when driving and watch for road crews at work.",Caution,[],00:00.0,yes,,
DE5C4C84-FCB5-497A-8F27-117A76E9CF6D,,Temple Bar Road Down to One Lane at Several Wash Crossings,lake,Due to a storm on 9/26/25 the road was flooded at several wash crossings. The road has reopened but is down to one lane in several places. Use caution where rocks are still in the road and areas that work crews are present.,Caution,[],00:00.0,yes,,
33D1E725-7BC2-4F92-A760-13414335B41D,https://www.nps.gov/lake/planyourvisit/hemenway-harbor-boat-launch-extension-project-summer-2025.htm,Hemenway Harbor Boat Ramp Extension - Reduced Lane Capacity - Expect Delays,lake,"Boaters who want to launch at Hemenway Harbor this summer and early fall may experience delays at the ramp on busy days. The nearby PWC launch is open to boats during the project. Callville Bay, Echo Bay, Temple Bar, and South Cove launches are open on Lake Mead.",Caution,[],00:00.0,no,,
722FB041-2F1D-4763-83C5-5FFF92887485,,New Fire Regulations,deto,See the Superintendent's Compendium for more information.,Information,[],00:00.0,no,,
1C39489F-72C4-47D3-A77F-36F2DAB63CE7,,Gatlinburg Bypass closed,grsm,The Gatlinburg Bypass is closed due to a landslide blocking the roadway. Park officials are currently assessing the situation.,Park Closure,"[{'title': 'Gatlinburg Bypass closed', 'id': '1C39489F-72C4-47D3-A77F-36F2DAB63CE7', 'type': 'roadevent', 'url': 'https://www.nps.gov/grsm/planyourvisit/conditions.htm'}]",00:00.0,yes,,
D7753095-F79A-4223-9014-D0FC478E4D96,,Bonita Canyon Campground Restroom Construction,chir,The restrooms at the campground will be closed for construction from 8/1/25 to 10/20/25. Portable toilets and a handwashing station will be available in the campground. Restrooms with running water are available at the Visitor Center and Faraway Ranch.,Park Closure,[],00:00.0,no,,
509BA687-3354-4CBF-B1C9-1DAE23F4B1EC,,Campfires Allowed in Front-Country Campgrounds Starting September 27,olym,"Due favorable weather conditions, Olympic National Park and Olympic National Forest are returning to Stage 1 campfire restrictions. Campfires are allowed in front-country campgrounds in established fire rings.",Information,[],00:00.0,no,,
48D3D569-48E9-4387-A2D1-7572A7DA8CC5,,Dyer Road Closed Due to Road Construction,chch,"Road closures/construction will continue on the east section of Dyer Road, between Glenn-Kelly and LaFayette Roads, and will extend onto the west portion of Dyer Road, between Glenn-Kelly and Chickamauga-Vittetoe Roads. During the closures, all public traffic, including motorists, equestrians, pedestrians and bicyclists, is prohibited from using the closed sections.",Information,"[{'title': 'Dyer Road Closure', 'id': '48D3D569-48E9-4387-A2D1-7572A7DA8CC5', 'type': 'roadevent', 'url': 'https://www.nps.gov/chch/planyourvisit/conditions.htm'}]",00:00.0,yes,,
2EFF9BC8-6E01-4172-8D1E-6F62E325C6C4,,Kaymoor Trail closure at Wolf Creek,neri,The Kaymoor Trail will be temporarily closed from Wolf Creek parking area on Fayette Station Road approximately 1/4 mile up the hill to the bend below Long Point from Monday September 29 through Friday October 3. Contractors will be performing geotechnical drilling to identify potential safety hazards related to underground water.,Information,[],00:00.0,no,,
C3963F67-E61D-4540-A526-9F764480BEDD,,Tour Schedule Change,mava,"Due to a private group tour, there will be no publicly available 3 pm house tour on Thursday October 2, 2025. We apologize for any inconvenience.",Information,[],00:00.0,no,,
ADB74044-4F38-4E26-AD6F-88F4BCCA1F20,https://www.nps.gov/grba/planyourvisit/current-projects.htm,"Lehman Caves Closure - October 20, 2025 to Spring 2026",grba,"Lehman Caves and the Lehman Caves Visitor Center will close to the public on October 20, as work begins on a six-month, $5.8 million project to replace the cave’s 48-year-old, failing electric lights. Project completion is planned for late spring 2026. The Great Basin Visitor Center and the rest of Great Basin National Park remains open.",Park Closure,[],00:00.0,no,,
447289B4-619A-4A95-BEB4-0FD817FE190C,,Park Phone Lines Out of Service- To Book Education Programs,lowe,"The Park education program line (978-970-5080) is currently out of service. To learn more about education programs through the Tsongas Industrial History or to book your school field trip today, please call 978-934-4265, email tihc@uml.edu. You can visit www.uml.edu/tsongas for more information.",Information,[],00:00.0,no,,
1650C0FE-016C-4D80-BD03-D73715A4E1D8,,Tour Schedule Change,mava,"Due to a private group tour, there will be no publicly available 11 am house tour on Thursday October 17, 2025. We apologize for any inconvenience.",Information,[],00:00.0,no,,
04A84A1A-EF20-4341-B6A7-F6FDEAC8D5AE,,Tour Schedule Change,mava,"Due to a private group tour, there will be no publicly available 11 am house tour on Thursday October 10, 2025. We apologize for any inconvenience.",Information,[],00:00.0,no,,
D9A9DD10-3B81-4982-A6B4-584A050C5E37,https://www.nps.gov/blri/planyourvisit/road-construction-projects.htm,Ongoing Road Projects and Helene Recovery,blri,"Parkway areas closed for ongoing road maintenance, construction, and Helene recovery projects.",Park Closure,"[{'title': 'Ongoing Road Projects and Helene Recovery', 'id': 'D9A9DD10-3B81-4982-A6B4-584A050C5E37', 'type': 'roadevent', 'url': 'https://www.nps.gov/blri/planyourvisit/conditions.htm'}]",00:00.0,yes,,
9106B54E-9E68-4058-B3DE-B95AC3F22B1F,https://www.nps.gov/cany/planyourvisit/grand_view_point_construction.htm,Grand View Point Closed for Construction Weekdays July 28 through September,cany,"Grand View Point Overlook, Grand View Point Trail, and 0.3 mi (0.5 km) of park road is closed Monday to Thursday. The closure applies to all uses, including vehicles, tour buses, motorcycles, bikes, & hikers. Parking is open but limited Friday to Sunday.",Park Closure,[],00:00.0,yes,,
C43FA812-4F31-4597-AD48-B102D340F997,https://www.nps.gov/mora/planyourvisit/trails-and-backcountry-camp-conditions.htm,Naches Peak Trail Closed,mora,Access is prohibited to Naches Peak Trail to protect public health and safety due to the vicinity of the Wildcat Fire burning outside of the park to the east. Shriner Peak Trail & trailheads on SR 123 between Cayuse Pass and Stevens Canyon Road have reopened as of 9/19/25.,Park Closure,[],00:00.0,no,,
9444532C-FB52-42F2-956C-E475C5CF73FB,,Delays on Wawona Road (continuation of Highway 41),yose,Expect delays on Wawona Road between Yosemite Valley and Wawona from Sundays at 11 pm through Fridays at 4:30 pm until approximately mid-November.,Information,"[{'title': 'Wawona Road Delays', 'id': '9444532C-FB52-42F2-956C-E475C5CF73FB', 'type': 'roadevent', 'url': 'https://www.nps.gov/yose/planyourvisit/conditions.htm'}]",00:00.0,yes,,
5E8A4127-26B7-445F-849A-0488677FD890,,"EV Chargers at Fort Mason Bay Street Lot Offline Week of September 29, 2025",goga,EV Chargers at Fort Mason Bay Street Lot will be offline during the week of September 29. Chargers are being relocated due to Bay Street Parking Lot closure.,Information,[],00:00.0,no,,
FB10585E-5FC6-4944-8C2E-2118DECF5D7C,https://www.nps.gov/mabi/planyourvisit/accessibility.htm,Alternative and Limited Access During Construction at Park Entrance and Mansion,mabi,Visitors and vehicles may be temporarily rerouted and wheelchair access into the mansion may be unavailable during construction. Please call the visitor center for additional information if you use a mobility device or need accessible parking.,Information,[],00:00.0,no,,
199425EB-2593-4F31-8C69-474DED4F5FC6,,Potential delays during stone wall rehabilitation project,shen,"The stone wall that lines Skyline Drive is being rehabilitated between miles 72.8 and 75.7. There will be a single lane closure for the duration of this work, with an established work zone that will be managed by flaggers. Visitors should expect delays.",Caution,[],00:00.0,yes,,
9C0563B6-2B0F-496B-82BC-BE394B64BEE3,,Necessary Upgrades Underway at Dickey Ridge Visitor Center in September,shen,"For visitor safety, please avoid the construction area and follow all signage and fencing. Visitor center operations will not be impacted.",Information,[],00:00.0,no,,
EB9C9565-125F-4EFB-B20E-DC9AD1A8E842,https://www.nps.gov/calo/learn/news/storm-watch.htm,Weather Advisory,calo,"Cape Lookout National Seashore is closely monitoring the Atlantic storms. If you're planning to visit the park this weekend or next week, stay alert to changing weather conditions.",Danger,[],00:00.0,no,,
D0CD7A77-A451-4C33-9870-03D0CF4FAB51,https://www.nps.gov/rocr/planyourvisit/scenic-driving-days.htm,"Beach Drive open for Driving Day on October 11, 2025",rocr,"On October 11, from 11 am to 4 pm, the entire length of Beach Drive in Rock Creek Park will be open for a scenic driving day for visitors who prefer to enjoy the park from their cars. Those who frequently bike or hike in these areas should plan accordingly.",Information,[],00:00.0,no,,
F93E9C9B-1838-4CBF-A85A-A9C466AEDFC4,,Water Availability,gicl,"There is NO water at the scorpion campgrounds and the trailhead for the cliff dwellings. Water is available at the Visitor Center, Woody's corral and TJ's corral.",Information,[],00:00.0,no,,
4F0850D6-ACCE-472F-B601-7C928A02C699,,Burn Scar Flash Flood Risk on NM15 and NM35 to the Dwellings,gicl,Due to the Trout Wildland Fire there is a risk of flash flooding during rain events. there are many low crossings on NM35 be cautious. Turn around don't drown. This risk will likely go on for multiple years.,Caution,[],00:00.0,no,,
D14CD43E-A8BB-4B37-8193-062ACD132809,,Phone Service Disruption - Charlestown Navy Yard Visitor Center,bost,"We are working on resolving an issue with our phone lines at the Charlestown Navy Yard Visitor Center. To reach the NPS Visitor Center at Faneuil Hall, dial 617-429-6760.",Information,[],00:00.0,no,,
6938D9EC-204E-4BCB-95D9-E4A7B998179F,,LSR Preserve Construction,grte,The Laurance S. Rockefeller Preserve parking lot and areas around the Preserve Center will be closed for construction beginning September 23. Use Death Canyon Trailhead to access Phelps Lake.,Information,[],00:00.0,yes,,
8B97962A-CD01-45F9-BBD9-F165A4E0E50E,,William Johnson House Closed Monday,natc,"The William Johnson House will be closed to the public on Monday, September 29, 2025. Electricians will be connecting a new emergency generator at the site and will need to disconnect electricity during installation. We apologize for any inconvenience.",Park Closure,[],00:00.0,no,,
F5520C75-42FC-4498-9551-12146E13A80D,https://www.nps.gov/frri/learn/management/superintendents-compendium.htm,Update to the Superintendent's Compendium,frri,"Freedom Riders National Monument recently updated the Superintendent’s Compendium for 2025. The Compendium is a set of designations, closures, permit requirements, and other restrictions created by the Superintendent to manage the national monument. There were several changes from the previous version especially concerning Filming and Still Photography (Section 1.5), and the designation a Demonstration and First Amendment Site (Section 2.51).",Information,[],00:00.0,no,,
CA010190-E35C-44DB-8D7F-C5DBDA61D765,https://www.nps.gov/bicr/learn/management/superintendents-compendium.htm,Update to the Superintendent's Compendium,bicr,"Birmingham Civil Rights National Monument recently updated the Superintendent’s Compendium for 2025. The Compendium is a set of designations, closures, permit requirements, and other restrictions created by the Superintendent to manage the national monument. There were several changes from the previous version especially concerning Filming and Still Photography (Section 1.5), and the designation a Demonstration and First Amendment Site (Section 2.51).",Information,[],00:00.0,no,,
0C295297-2DE0-4ECC-AD36-9E7E0F1C3920,,Intermitent Road Work,foun,Visitors should be aware that there is road work occurring in the park starting August 12th and potentially continuing through November. There may be some minor delays and alternative parking arrangements.,Information,[],00:00.0,no,,
56BFD278-C4DD-47E2-B538-D5B655C316D4,,Visitor Center hours changing on October 1st,sagu,"Starting October 1st, both visitor centers (Red Hills and Rincon Mountain) will revert to Winter Hours, opening at 9am and closing at 5pm. Trails remain open 24 hours a day, and the loop roads are open from dawn to dusk.",Information,[],00:00.0,no,,
404981B1-0C90-4DCF-A926-5E7A0AF0CAB5,https://www.nps.gov/blri/planyourvisit/roadclosures.htm,Possible Hazards in Open Sections,blri,"Parkway areas open after Hurricane Helene may have limited services. Visitors should exercise caution when hiking in or near open areas of the park. Hazards on trails such as landslides, tree debris, and washed-out sections or bridges are possible.",Caution,[],00:00.0,no,,
D20834BB-2882-48D9-82E2-296DD0BBDF03,,LiveMap Not Updated,blri,"Due to system issues, the LiveMap is not accurate and does not reflect opening from Milepost 355.3 at the Ridge Junction Overlook near NC 128 to Milepost 382 in Asheville, NC.",Information,[],00:00.0,no,,
0ECC4397-6B6E-4F11-A62D-D6F30D6025AA,https://www.nps.gov/blca/learn/news/south-rim-of-black-canyon-to-open-south-rim-road.htm,Park Closures Due to Wildfires,blca,"As of 9/24/2025: South Rim Road and visitor center have reopened. East Portal Road is open. North Rim is open. South Rim Campground, East Portal Campground, and some trails remain closed. Do not enter closed or burned areas until further notice.",Park Closure,[],00:00.0,no,,
097494CF-48B5-493A-BFE2-6CE7952EB972,https://www.nps.gov/tuin/planyourvisit/george-washington-carver-museum.htm,Visitor Pass Needed to Visit George Washington Carver Museum,tuin,"All visitors to Tuskegee University, including those visiting the George Washington Carver Museum located on campus, are required to obtain a visitor pass before entering. This policy is part of the university's safety and security procedures. Visitor passes are issued by Tuskegee University Public Safety. Stop by the Campus Public Safety building upon arrival to receive your pass at 1103 West Montgomery Road, Tuskegee, AL 36088.",Information,[],00:00.0,no,,
B37BE0E1-1ECA-40C7-9425-AF5A5BE991FD,,Temporary Museum Closure,nisi,"The park museum in the visitor center will temporarily close on September 28 for the installation of new exhibits. All other areas within the visitor center such as the welcome desk, theater, and bookstore will remain open during the project. The museum will reopen in November with the official ribbon cutting event being announced at a later date.",Information,[],00:00.0,no,,
DD70ECD9-3888-4DCC-9CC5-6C5D7BE668DD,,Trail update 9/24/2025,nisi,Most trails are open and ready for the public. Those that remain closed are the Charleston Road/ Goudey Trail past the Cherokee Path and the portion of Cherokee Path between the stockade fort and the Charleston Road.,Information,[],00:00.0,no,,
A2D756E8-11E0-42AE-86F8-44817692E680,,Equestrian Trail Update 9/24/2025,nisi,An equestrian bridge on the north side of the park is closed. All other equestrian trails are open.,Information,[],00:00.0,no,,
93EA9483-5276-401C-A1AB-EDF6EC700CD0,,Construction work in the Taggart area,grte,"Construction work is underway near Taggart Lake Trailhead to bury power lines. Pathway users should expect short delays, detours, and construction equipment in the area. The Taggart Trail bridge is under repair. Through mid-October, use the bypass along the corral road. Sept. 22–29, all hikers will be rerouted to the south segment of the Taggart Lake Loop Trail while crews remove boulders.",Information,[],00:00.0,no,,
D1F9402C-4017-480D-8969-B4F661CB2753,https://www.nps.gov/piro/learn/news/09-24-2025-sand-point-rd-closure.htm,Sand Point Road Closed Oct. 2 - 8,piro,"Sand Point Road will be temporarily closed to all vehicle and pedestrian traffic east of the Pictured Rocks National Lakeshore boundary from approximately Oct. 2 through Oct. 8, 2025, for a culvert replacement project. The closure may extend through Oct. 10 if additional time is needed to complete the work.",Park Closure,[],00:00.0,yes,,
C17E64D1-5BB5-44D8-8CCD-A888F3EC278C,,East Portal Road Reopened: Use Caution,cure,"During periods of rain or other precipitation, visitors are encouraged to leave East Portal promptly due to an increased risk of landslides in burned areas along East Portal Road. Please stay alert to changing weather conditions and use caution when traveling in the area.",Caution,[],00:00.0,no,,
53C1D112-AA2F-4463-9EB3-EF16C3DFE433,,East Portal Road Reopened: Use Caution,blca,"During periods of rain or other precipitation, visitors are encouraged to leave East Portal promptly due to an increased risk of landslides in burned areas along East Portal Road. Please stay alert to changing weather conditions and use caution when traveling in the area.",Caution,[],00:00.0,no,,
682E96E0-BEEB-4878-B7F0-BE1B1D348723,,Seasonal Summer Closures and Fire Restrictions,jotr,"As part of its seasonal operations, the park is implementing the routine summer closure of select campgrounds. Parkwide fire restrictions are in effect from June 15 until October 1. No open fires.",Information,[],00:00.0,no,,
7291B9AA-F7FA-4C5D-AD9A-A263C4381EEB,,49 Palms Closed Due to Storm Damage,jotr,The trail will remain closed until November 7 while trail and road crews remove debris and ensure the trail is safe for visitor use,Park Closure,[],00:00.0,no,,
12C2F359-A9EC-4279-83FF-A8BB13F71643,,9/11/2025 North Gorge Reopened,laro,"Effective immediately, North Gorge campground and boat launch are open to the public.",Information,[],00:00.0,no,,
BE7256F7-5FE4-4022-A99E-06E6BF6D6E52,,Faneuil Hall Great Hall - Elevator Out of Service,bost,"The elevator in Faneuil Hall is temporarily out of service. We hope to have it fixed as soon as possible. If you have any questions, or if you need access to bathrooms, please inform one of the on-site Rangers or call 617-429-6760.",Information,[],00:00.0,no,,
AC7FF262-B2C5-41FD-A982-CD8FA491B106,https://www.nps.gov/fosc/learn/photosmultimedia/360tours.htm,Some Park Buildings are Temporarily Closed for Maintenance,fosc,"Some park buildings are temporarily closed to clean up after the Fire Suppression System replacement. Closed are Officer's Quarters #2 and some of the Dragoon Barracks, A virtual tour link below.",Park Closure,[],00:00.0,no,,
F9411EAE-4E94-433B-882D-D9DDC4514583,https://www.maine.gov/dacf/mfs/wildfire_danger_report/index.html,High Fire Danger,kaww,"The monument is currently under a high fire danger warning issued by the Maine Forest Service. Please exercise caution when lighting a fire, and make sure the fire is completely out before leaving. Fires are allowed in designated areas only.",Caution,[],00:00.0,no,,
EEFA5B2C-2B4D-462B-BDFA-72ACA962AAF6,https://www.nps.gov/choh/planyourvisit/byron-bridge.htm,Bridge access to Maryland Heights Trail CLOSED,hafe,"The NPS will rehabilitate the stairway connecting the Goodloe Byron Memorial Footbridge to the C&O Canal NHP towpath. The stairway is CLOSED for approximately two weeks beginning September 22 while crews build a temporary stairwell. During that time, a shuttle will run between C&O Canal Lock 34 and Harpers Ferry National Historical Park Visitor Center. This will impact access to Maryland Heights, the Appalachian NST, and the Potomac Heritage NST.",Park Closure,[],00:00.0,no,,
7C22A293-B110-455B-B5A6-9F5B67068487,https://www.nps.gov/tuin/learn/management/superintendent-s-compendium.htm,New Policy on Fires and Lighting,tuin,"Please be advised that a new policy is now in effect regarding the lighting and maintaining of fires within the park. To read the full details, including specific regulations and guidelines, please refer to the Superintendent's Compendium.",Information,[],00:00.0,no,,
6C003D5A-53F4-4FA0-86FE-C01942D34418,,Limited Restroom Availability,inde,"Restrooms are available at the Independence Visitor Center at 6th & Market Streets, the corner of 5th and Chestnut Streets, and the Benjamin Franklin Museum (museum entrance requires a fee) in Franklin Court.",Information,[],00:00.0,no,,
4717AF74-9DEE-45BE-B77C-DA28493B451A,https://www.nps.gov/tuai/learn/management/superintendent-s-compendium.htm,New Policy on Fires and Lighting,tuai,"Please be advised that a new policy is now in effect regarding the lighting and maintaining of fires within the park. To read the full details, including specific regulations and guidelines, please refer to the Superintendent's Compendium.",Information,[],00:00.0,no,,
800234DB-9C92-434E-B583-3CC8DEF65B5A,https://www.nps.gov/deva/planyourvisit/conditions.htm,Many Roads Closed due to Flooding,deva,"Badwater Road, North Highway, and some other roads are still closed due to damage by flash floods on 9/19/2025. Click ""More"" for a full list of closures.",Park Closure,[],00:00.0,yes,,
4F723F8A-E097-4924-AB69-E2900B19EBAC,,Phones are Inoperable,cave,We are currently unable to return phone calls at Carlsbad Caverns National Park because our phone system is down. We apologize for the inconvenience and ask you to reach out to us at our email CAVE_Park_information@nps.gov with any questions you may have,Information,[],00:00.0,no,,
24C18EF8-175C-4102-8F5E-8C6AF2EC0363,,Elk Creek Visitor Center temporary closure,cure,"The Elk Creek Visitor Center will be closed from September 21 to October 1 for installation of new exhibits. During winter hours, staff will be present in the visitor center parking lot while installation is in progress.",Information,[],00:00.0,no,,
FF358624-59A9-4291-8ACD-59559EA6FBF3,,"Tree Thinning Project Will Cause Short Delays Starting September 28, 2025",wica,"Expect one-way traffic with short delays along Highways 87 and 385 while contractors remove pine saplings to improve visibility and safety along roadways. A pilot car will lead vehicles through the project area. The project begins on Sunday, September 28, and continues until complete.",Caution,[],00:00.0,yes,,
404D3582-2744-48DD-9859-E7F8D47AE7A6,https://www.nps.gov/goga/planyourvisit/maps.htm,"Temporary Closure of Fort Mason Restrooms Until October 17, 2025",goga,Great Meadow restrooms will be closed for renovation. Portable restrooms are available on site. Additional restrooms are available near East Beach and Presidio Tunnel Tops. See map link below to see restroom locations.,Information,[],00:00.0,no,,
62EA44A1-7210-4B0E-B5D1-CC1E37531265,,Reduced cold-water flow at the Serpentine Hot Springs bathhouse,bela,"Cold water brought in via a pipe helps reduce the temperature of the water in the tub. With the reduced flow, temperatures in the tub are dangerously hot.",Information,[],00:00.0,no,,
744C5488-40B2-4AB9-BFF9-BF456E8CE791,https://www.nps.gov/gwmp/learn/news/national-park-service-to-conduct-tree-maintenance-along-southern-section-of-the-george-washington-memorial-parkway.htm,Tree Maintenance Along Southern Section of the GWMP,gwmp,"Beginning September 22, the NPS will conduct tree maintenance along the GWMP between Mount Vernon and just south of Alexandria. To safely complete this work, temporary single-lane closures will be required in both directions. At times, short segments of the parkway may experience brief, periodic directional closures.",Information,[],00:00.0,yes,,
6FE6DB73-27AC-4609-BB0E-7FB03C1240B0,,9/19/2025 China Bend Reopened,laro,"Effective immediately, China Bend boat launch and parking lot are open to the public.",Information,[],00:00.0,no,,
DF381D66-D1B0-4097-AA24-E18AEF4D0CD2,https://www.nps.gov/elma/planyourvisit/el-calderon-trail-closed.htm,"El Calderon Trail closed for construction August 11, 2025 through May 2026",elma,"The El Calderon Trail and parking area are closed from August 11, 2025, through late May 2026 for a major improvement project. NPS Road 100 will remain open for local traffic only, and the Continental Divide Trail will remain open for CDT thru-hikers.",Park Closure,[],00:00.0,yes,,
5541A600-5CAD-4CB4-A17D-6EEDCE161C59,https://www.nps.gov/nace/learn/management/public-notice-0812.htm,Public Access Closure around USPP Facilities & National Capital Parks - East Headquarters,nace,"Extension of temporary closure prohibiting the public from entering the area around the USPP Anacostia Operations Facility, USPP Aviation Facility, and National Capital Parks – East Headquarters through 11:59 pm Wednesday, December 31, 2025. Access through Aviation Drive SE entrances and the metro access gate into Anacostia Park will be closed.",Park Closure,[],00:00.0,yes,,
C2E56359-A57F-4B07-BCC1-5089ACED295D,https://www.nps.gov/nace/learn/management/public-notice-0812.htm,National Capital Parks - East Permit Office Temporarily Relocated to Anacostia Park Skating Pavilion,anac,"The National Capital Parks - East permit office has been temporarily relocated to the Anacostia Park Skating Pavilion due to the nearby closure through 11:59 pm Wednesday, December 31, 2025. Permit services will be available during normal business hours.",Park Closure,[],00:00.0,no,,
87E9B490-D2AD-4EF2-87C2-EEE2FB09AA83,https://www.nps.gov/nace/learn/management/public-notice-0812.htm,National Capital Parks - East Permit Office Temporarily Relocated to Anacostia Park Skating Pavilion,nace,"The National Capital Parks - East permit office has been temporarily relocated to the Anacostia Park Skating Pavilion due to the nearby closure through 11:59 pm Wednesday, December 31, 2025. Permit services will be available during normal business hours.",Park Closure,[],00:00.0,no,,
6D4A0356-53A4-4F41-9A5D-261C971A777B,https://www.nps.gov/nace/learn/management/public-notice-0812.htm,Public Access Closure around USPP Facilities & National Capital Parks - East Headquarters,anac,"Extension of temporary closure prohibiting the public from entering the area around the USPP Anacostia Operations Facility, USPP Aviation Facility, and National Capital Parks – East Headquarters through 11:59 pm Wednesday, December 31, 2025. Access through Aviation Drive SE entrances and the metro access gate into Anacostia Park will be closed.",Park Closure,[],00:00.0,yes,,
2DB8D95A-64F3-436F-A3C4-D1DF7918B30E,https://www.nps.gov/nace/learn/management/greenbelt-south-parking-lot.htm,South Parking Lot of Greenbelt Park Closed to Vehicle Access,gree,"The south parking lot of Greenbelt Park will be closed to vehicle access until December 31, 2025, at 11:59 p.m. The area will remain available to pedestrians.",Park Closure,[],00:00.0,yes,,
85F08B3C-9564-42FF-A973-29B8CEE05DC8,https://www.nps.gov/nace/learn/management/fowa-lighthouse.htm,"Lighthouse Area Closed until June 30, 2026",fowa,"The area around the Fort Washington Lighthouse is closed until June 30, 2026, at 11:59 p.m. as construction continues to rehabilitate the historic lighthouse.",Park Closure,[],00:00.0,no,,
5115FF8C-4214-42D8-8A9F-17ECF00D352C,,Intermittent Visitor Center Phone Issues,adam,The phone system at the Adams National Historical Park Visitor Center is currently experiencing intermittent audio issues.,Information,[],00:00.0,no,,
4B90ADC8-4E9F-4E63-84E8-1D3AA9A30751,,Pavement Preservation Project- Playalina District Beginning 9/22/25,cana,"Playalinda Beach District will begin a Federal Highways pavement preservation project on Sept. 22nd, 2025. Visitors to the seashore should expect limited access to some parking areas and roadways to include the vistas",Park Closure,[],00:00.0,yes,,
7A5D0C3F-C09F-4556-BA32-220CFE4BF301,,"Thursday, October 2, 3:00 p.m. tour unavailable",jofi,"Due to a large group reservation, the 3:00 p.m. tour on 10/2 will be unavailable.",Information,[],00:00.0,no,,
2397FFE0-9476-48E8-AFCB-88B3EF38F48C,,West and East Border Roads closed for public safety,orpi,All border roads remain closed (the dirt roads directly along the border and all crossover roads leading from South Puerto Blanco Drive to the border) to all public vehicle and pedestrian traffic for public safety. South Puerto Blanco Drive remains open.,Park Closure,[],00:00.0,yes,,
231DEFFE-BC90-49A2-8136-9D1C05ADFBC8,,Road Construction Impacting Road and Foot Traffic,pore,"Extensive Transmission Line work, including Helicopter Operations, in Olema Valley will impact vehicle traffic on Sir Francis Drake Blvd and pedestrians on Bolinas Ridge Trail. This work is anticipated to continue through the middle of October.",Information,[],00:00.0,yes,,
D9100FE7-70C8-4089-ADB9-939559B03F3C,,Phone Outage,lacl,"We are currently experiencing a disruption in our phone service at Lake Clark National Park and Preserve. Until further notice, please contact us via email for all inquiries and assistance. Email Contact: LACL_Information@nps.gov",Information,[],00:00.0,no,,
AD3D112D-B665-4A11-A077-3EDAA1746882,https://www.nps.gov/para/planyourvisit/4x4-vehicles-and-off-pavement-travel-safety.htm,Looking for a Grand Canyon view? A warning about mobile devices and map/navigation apps,para,"Map apps may direct you to Parashant if you search for directions to ""Grand Canyon"" due the canyon's name in both the national park and monument names. The national park has paved roads and services. Parashant has no services and rugged/remote conditions.",Information,[],00:00.0,no,,
7AB676C5-57CC-42A1-BF20-D10429F0BB8C,,Hangar 1 Orientation Room Temporarily Closed,tuai,"Please be advised that the orientation room in Hangar 1 is temporarily closed due to an air conditioning outage. The exhibit area remains open for viewing. For questions or assistance during your visit, a park ranger is available in Hangar 2.",Park Closure,[],00:00.0,no,,
7F8876D0-161A-470B-8A06-854B512C8FE8,,Delays up to 1 hour are possible at Kelbaker Road Railroad Crossing near Kelso Depot,moja,"In the event there are train siding operations at the crossing near Kelso Depot, delays may be up to one hour. Please plan accordingly for this possibility with extra fuel and drinking water. Union Pacific Contact: 1 800 848-8715",Information,"[{'title': 'Kelso Railroad Crossing Delays 1 hour or more', 'id': '7F8876D0-161A-470B-8A06-854B512C8FE8', 'type': 'roadevent', 'url': 'https://www.nps.gov/moja/planyourvisit/conditions.htm'}]",00:00.0,no,,
64215CE3-542C-480A-B648-6960E808893C,,Kelso Depot Visitor Center closed,moja,Kelso Depot Visitor Center is closed for rehabilitation of the heating and cooling system. We expect to reopen the depot in 2026. The restrooms beside the depot are open.,Park Closure,[],00:00.0,no,,
0A9CAF00-3B03-44E5-B451-A5F5F7DE2831,,Scale House Closed,chri,The Scale House and Park Store are closed due to damage sustained during recent flooding.,Information,[],00:00.0,no,,
29A996D9-BA1C-4E1D-A683-B8B07B5A0347,https://www.nps.gov/moja/road-conditions.htm,Use caution on Cima Road,moja,Use caution on Cima Road due to shoulder washouts.,Caution,[],00:00.0,no,,
017649C1-EDDD-4B96-B85A-E24CDC8B3054,https://www.nps.gov/moja/road-conditions.htm,Rough and damaged roads,moja,Drive slowly and exercise due caution when driving in Mojave National Preserve. Rough and damaged roads exist on both paved and unpaved roads. Watch for potholes.,Caution,[],00:00.0,yes,,
BF245860-8AC2-4B22-9E9D-9B8BE86F158D,https://venturerichmond.com/our-events/2nd-street-festival/,2nd Street Festival,mawa,"The 2nd Street Festival, Oct. 4-5, 2025, will result in numerous road closures around the site, some starting as early as Friday, October 3. We will staff a tent at 2nd and Leigh St. and offer open house tours from 2-4 p.m. both days of the festival. See event website for more information",Information,[],00:00.0,yes,,
3873EBBF-7F1F-4F42-BF76-F4CE91809C48,,Use caution on Essex and Black Canyon Roads,moja,"Flooding has resulted in damage to Essex and Black Canyon roads. Watch for numerous washouts with dirt, rocks, and debris. Use caution when driving and watch for road crews at work.",Caution,[],00:00.0,yes,,
4B919AD6-BB5F-4BF5-8676-F7DA0D12DCCA,,Unpaved roads muddy after rainstorm,moja,Unpaved roads may be impassible due to mud and/or washouts. Have a backup plan.,Caution,[],00:00.0,yes,,
905C8A89-815F-464D-A5FE-53A2D8985C7C,,"Superintendent's Compendium update on September 19, 2025",abli,"The Superintendent's Compendium for the Abraham Lincoln Birthplace National Historical Park was updated on September 19, 2025 and can be accessed here on the park's website at: https://www.nps.gov/abli/learn/management/superintendent-s-compendium.htm",Information,[],00:00.0,no,,
4A548D5A-2BDD-4184-8CE0-B5A787A3053C,,12/15 - 12/19 Tours by Appointment Unavailable,jofi,Off season tours by appointment are not available during the week of December 15.,Information,[],00:00.0,no,,
82DB9E9B-238C-4841-9001-74906E6B8C29,,9/19/2025 Update - Parkway and Campground closed from MP 181-204.,natr,The parkway is closed to all traffic from MP 181-204. This includes Jeff Busby Campground at MP 193.1. Follow the signed detour to travel around the closure. Construction is anticipated to continue through October.,Park Closure,"[{'title': 'Road Repavement', 'id': '82DB9E9B-238C-4841-9001-74906E6B8C29', 'type': 'roadevent', 'url': 'https://www.nps.gov/natr/planyourvisit/conditions.htm'}]",00:00.0,yes,,
B31BED9E-3780-48CC-ACBB-98CEDDA69882,,Emigrant Campground and Restroom Closed,deva,Emigrant Restrooms and Campground are closed due to storm damage to the water supply system. Access to the day use area is still open. ,Park Closure,[],00:00.0,no,,
9EA1B763-8882-4466-927F-A766C13B978B,,Lighting and Maintaining Fires Information,mocr,"Fires are permitted only in designated areas and under specific conditions. A fire may be ignited and maintained only by using fuel sources designed and commonly used for warmth or the preparation of food, such as charcoal briquettes or natural firewood. Lighting or maintaining a fire with other materials including, but not limited to, flammable liquids, garbage, fireworks, plastics, aerosol canisters, batteries, or other manufactured or synthetic materials, is prohibited.",Information,[],00:00.0,no,,
39A38A81-21BC-4058-B05B-260F5E08E97D,,Updates to Superintendent's Compendium,foma,"The Fort Matanzas Superintendent's Compendium has been updated on 9/19/2025 to include restrictions on lighting and maintaining fires within the park boundaries. The document can be found under the following tabs: Learn about the park/Management/Laws & Policies. and click on ""Fort Matanzas NM Compendium"".",Information,[],00:00.0,no,,
5CE29352-1A18-4558-A274-68BAA80C9770,,Loop Road Closure - 9/16 to 9/18,chcu,"Due to construction work on the loop road, the following closures are in effect: Tue-Thu, 9/16-9/18, the loop road will be closed from the entrance to Pueblo Bonito. Casa Rinconada, Pueblo del Arroyo, and Pueblo Bonito will be the ONLY areas available to visit via pilot car. Hungo Pavi and the north side of the road will remain closed. Please follow instructions from flaggers while visiting to stay safe.",Park Closure,[],00:00.0,yes,,
E71075A9-7B49-41E9-9245-C97CF151772A,https://www.nps.gov/vick/planyourvisit/illinois-memorial-restoration.htm,Illinois Memorial Closed for Restoration,vick,"The memorial itself is closed for restoration starting on September 16, 2025. The parking area is partially closed. Parking spaces are open to allow access to Tour Stop 2/Shirley House. Tour Stop 3/3rd Louisiana Redan is open. The Tour Road is open.",Park Closure,[],00:00.0,no,,
70B82CA0-42C9-40C8-ADB5-1D110B8A04F8,,South Unit Address for Mobile Maps – Theodore Roosevelt NP,thro,"On all maps used on mobile devices, use the following address to reach the South Unit Visitor Center and Entrance Station 201 East River Road N. Medora, ND 58645",Information,[],00:00.0,no,,
6A0AB6A3-0E55-4FA4-9515-C1FFAA001DB0,,Monocacy National Battlefield Museum Renovations,mono,The visitor center is open to the public during renovations. The museum area inside the visitor center is closed. We apologize for the inconvenience. The museum is expected to reopen in the Fall of 2025. Please watch our social media for updates and announcements regarding the museum renovations.,Information,[],00:00.0,no,,
9A4CDF9D-6B2E-48C1-895F-886354C9C9E2,https://www.nps.gov/joda/learn/management/barn-closure.htm,Area Closure - Cant Ranch Barn,joda,The area around the barn at the Historic Cant Ranch is now closed to the public for preservation work to replace the roof and support elements. The closure is estimated to last until 2/28/26. Please follow posted closure signs.,Information,[],00:00.0,no,,
0C9EC368-60E9-4AE9-8AEA-B52468ADCDB9,,Valley Road Emergency Camping Closure,katm,"A bear obtained food on the road to the Valley of 10,000 Smokes by opening an improperly secured food canister. The first two miles of the road is closed to camping.",Information,[],00:00.0,no,,
ED2A0068-21D2-47C8-89B9-938CFFF04153,https://www.nps.gov/samo/learn/news/santa-monica-mountains-national-recreation-area-announces-weekday-closures-for-portions-of-the-hastain-discovery-trails-to-repair-storm-damage-in-franklin-canyon.htm,Trail Repairs at Franklin Canyon,samo,"Trail repairs will begin on Monday, September 29, on the Hastain Trail. Expect weekday closures Mon–Thurs on the southern switchbacks and eastern Discovery Trail. Trails remain open Fri–Sun. Park closes at sunset. Work will shift to Discovery Trail after Hastain is complete. Project is expected to last ~3 months, weather permitting.",Information,[],00:00.0,no,,
EAF9DDB5-97A3-4631-A5AB-70DD509A27FD,https://www.nps.gov/cong/planyourvisit/fees.htm,Park Pass Not Needed,cong,"Congaree does not have an entrance fee; no passes are needed to enter. As such, we do not have staff dedicated to selling or issuing park passes. If interested in obtaining a park pass, you must call the day of your visit to inquire about staff availability. There is no guarantee you will be able to purchase or obtain a park pass at Congaree.",Information,[],00:00.0,no,,
C717905B-5FAE-4138-A7CA-C94C63F337A5,https://www.nps.gov/natr/learn/news/sections-of-chisha-foka-multi-use-trail-to-close-for-rehabilitation.htm,Section of Chisha Foka Multi-use Trail to Close beginning 9/24/2025,natr,"The section of the Chisha Foka Multi-use Trail from Highland Colony to Choctaw Agency will close for rehabilitation beginning on 9/24/2025. This is a continuation of the rehabilitation work that was completed earlier this year. Barricades will be in place and signs posted to mark the closed area. Individuals found in the closed area may be subject to citation.  Large trucks and heavy equipment will be working along the trail, making it difficult to see pedestrians.",Park Closure,[],00:00.0,no,,
4C208550-08C5-4B79-8D16-028ADBCFF771,https://www.facebook.com/Ozarkriverways,Round Spring - September Paving Work,ozar,"Paving work will be done in the Round Spring area throughout the month of September. Currently, the parking area at the pavilion is closed. Electric sites are open the weekend of 9/19 - 9/21, but will close again on 9/22 as paving work resumes in the campground.",Park Closure,[],00:00.0,yes,,
F0C89E83-4FEA-43CC-A3CF-4C99879A6E63,,"Winter Hours Begin on October 1, 2025: 8:00 AM to 4:00 PM",libi,"Little Bighorn Battlefield will be moving to our winter hours beginning October 1st. All available facilities will be open at 8:00 AM. The Tour Road, Last Stand Hill, and Reno-Benteen area will close at 3:30 PM. The contact station, bookstore, and national cemetery will close at 4:00 PM.",Information,[],00:00.0,no,,
33CE64A8-2C81-4D76-B143-EEFFD667D657,https://www.sfpuc.gov/construction-contracts/construction-projects/seacliffpumps,"China Beach Parking Lot Closed for City-Managed Project Through October 3, 2025",goga,San Francisco Public Utilities Commission has closed Sea Cliff Ave and the China Beach parking lot for sewer system upgrades. Pedestrian access will be kept open but visitors to the beach will not be able to park in the lot. See link below for details.,Park Closure,"[{'title': 'China Beach Parking Lot Closed for City-Managed Project Through 10/3/25', 'id': '33CE64A8-2C81-4D76-B143-EEFFD667D657', 'type': 'roadevent', 'url': 'https://www.nps.gov/goga/planyourvisit/conditions.htm'}]",00:00.0,yes,,
6EBDDA55-8F04-4207-97B8-3C92E2E02620,https://www.nps.gov/goga/learn/nature/wildlife-viewing-guidelines.htm,Avoid Contact with Marine Mammals Due to Increase in Leptospirosis Infections,goga,Leptospirosis is currently seeing an uptick in California. Disease can spread to dogs and people. Keep dogs on leash in areas with beached marine mammals and carcasses. Report sick/stranded animals to The Marine Mammal Center at 415-289-7325.,Caution,[],00:00.0,no,,
0918CC30-347E-47CA-98FC-9AB7602DE1B3,https://inciweb.wildfire.gov/incident-information/waolf-bear-gulch-fire,Staircase and Surrounding Wilderness Areas Closed due to Bear Gulch Fire,olym,"For a full list of closed trails and campsites, visit our Fire Conditions and Updates page. For fire news releases and maps, visit the Bear Gulch Fire InciWeb page.",Danger,[],00:00.0,no,,
DB149C17-BFB7-4662-B196-7D486FDA2919,https://www.nps.gov/buff/learn/management/general-regulations.htm#CP_JUMP_5746563,Updated Fire Regulations,buff,Buffalo National River has recently updated its fire regulations. Please refer to the Superintendent's Compendium for further information.,Information,[],00:00.0,no,,
F8289D3C-4DAE-4F2A-A625-5BA53492ECDD,https://www.nps.gov/thingstodo/hike-the-petrified-forest.htm,Petrified Forest Trailhead Access Update: Use Approved Route,thro,"Directions to the Petrified Forest trailhead have changed. Please use the approved legal route from I-94, Exit 10 toward Camels Hump Lake and follow the clearly marked posts. This update helps maintain good cooperation with neighbors and respect park boundaries. For precise directions, use the link provided.",Information,[],00:00.0,no,,
242DC728-7BD3-46D6-B3AD-AFF46852B76D,https://www.facebook.com/share/p/1HZoom3uMr/,"Dingmans Falls Trail, Road, and Access Closed for Bridge Replacement",dewa,"Dingmans Falls site is closed for a bridge replacement project and trail rehabilitation. All traffic, including pedestrian, cyclist, and vehicle traffic, is prohibited on the road and trail during construction.",Park Closure,"[{'title': 'Dingmans Falls Road Bridge Replacement', 'id': '242DC728-7BD3-46D6-B3AD-AFF46852B76D', 'type': 'roadevent', 'url': 'https://www.nps.gov/dewa/planyourvisit/conditions.htm'}]",00:00.0,yes,,
35922B4B-4F2E-450F-AD20-ACD60BDCB200,,Algal Bloom present in the Hudson River. Avoid the water near Bard Rock.,vama,"Avoid swimming, wading, or allowing dogs to swim or drink Hudson River water. Link to organization that detected the algal bloom: https://www.caryinstitute.org/news-insights/press-release/extensive-harmful-algal-bloom-hudson-river-estuary. Link to interactive map of algal blooms in NY: https://experience.arcgis.com/experience/e5dec19912454731a308bbb7af605fb3/.",Danger,[],00:00.0,no,,
E998E778-8DC1-4FEE-BDE5-70C7A9DFEC04,,Algal Bloom present in the Hudson River. Avoid the water.,hofr,"Avoid swimming, wading, or allowing dogs to swim or drink Hudson River water. Link to organization that detected the algal bloom: https://www.caryinstitute.org/news-insights/press-release/extensive-harmful-algal-bloom-hudson-river-estuary. Link to interactive map of algal blooms in NY: https://experience.arcgis.com/experience/e5dec19912454731a308bbb7af605fb3/.",Danger,[],00:00.0,no,,
0C5FE7E2-8A49-4DCB-B218-989BCE9F3F99,https://www.nps.gov/choh/planyourvisit/byron-bridge.htm,Byron Bridge Access from C&O Canal to Harpers Ferry,choh,"Beginning Sept. 22, the stairway between the Byron Bridge and C&O Canal will close for approximately 2 weeks. A shuttle will run between C&O Canal Lock 34 and Harpers Ferry NHP Visitor Center during this time.",Information,[],00:00.0,no,,
BE3A1C3E-022E-4439-B0B5-E5DAAFA5F125,https://www.nps.gov/guis/learn/news/gulf-islands-national-seashore-will-begin-fort-pickens-campground-restroom-remodel-sept-15.htm,Fort Pickens Campground Restroom B/D loop Closure,guis,"The park is remodeling the interior of three restroom structures located within the Fort Pickens Campground beginning with loop B/D. To minimize disruption to campers, only one restroom facility will be closed at a time throughout the renovation. All other restrooms located in Loops A, C, and E will remain open for campers with reservations during this time.",Park Closure,[],00:00.0,no,,
B8D8832D-1756-4193-A883-4B0E0FD82134,https://www.nps.gov/glca/learn/changing-lake-levels.htm,Launch Ramp Closures,glca,Lake level changes will influence the functionality of all launch ramps. Find updated status of all launch ramps at the link.,Park Closure,[],00:00.0,no,,
09A1F382-9D02-4DD1-9CD6-D203BA5B0035,https://www.nps.gov/joda/learn/management/trail-closure.htm,Blue Basin Overlook Trail Closed,joda,The 3.25 - mile Blue Basin Overlook trail in the Sheep Rock unit is closed until further notice. A mudslide and trail washouts have created unsafe conditions for hiking. The shorter 1.3- mile Island In Time trail remains open.,Caution,[],00:00.0,no,,
D39A1C05-E5DA-4186-8299-F6F82E4CEDFB,https://www.nps.gov/gwmp/learn/management/record-of-determination-for-temporary-closure-of-the-union-arch-trail-to-address-flooding-debris.htm,Union Arch Trail Temporarily Closed,gwmp,"The Union Arch Trail near Glen Echo, Md is temporarily closed to clean up flooding debris.",Park Closure,[],00:00.0,no,,
92DFEDDC-9091-44BA-9C49-4240D319B8C4,,Fort Donelson NB Park Fall Hours,fodo,Visitor Access to Fort Donelson NB Park Lands: Pedestrian Access is from sunrise to sunset. Automobile Access to Fort Donelson NB Park Roads 8:00 am – 6:00 p.m. daily.,Information,[],00:00.0,no,,
E2D20F4C-F83F-4D1C-A399-64DE0B668CC0,,Walking Bridge Construction,pagr,"Due to safety concerns, the footbridge crossing the Passaic River has been removed and is pending replacement.",Park Closure,[],00:00.0,no,,
D354C974-89D8-4A1A-ADC1-A79ED537B482,,Closure of Mary Ellen Kramer Park,pagr,"Due to construction projects for the water main break and bridge reconstruction, Mary Ellen Kramer Park is closed.",Park Closure,[],00:00.0,no,,
97774900-DE74-448F-B7F2-B316EF2383E5,,Upper Cliff Dwelling Tour Reservations Start October 1st,tont,"Starting on Wednesday, October 1st, we will be taking Phone-only reservations for our ranger led tours. Reservations made before October 1st will not be accepted. Please call (928) 467-2241 to reserve your spot.",Information,[],00:00.0,no,,
BF786513-04CA-4234-8A9F-A3581363D747,https://www.nps.gov/olym/planyourvisit/current-road-conditions.htm,North Shore Quinault Road Open Effective 9/13/25,olym,The North Shore Quinault Rd is now open to single lane traffic. Graves Creek and North Fork areas are now accessible. The South Shore Rd remains closed outside of park boundary. See alert.,Information,[],00:00.0,yes,,
4D18B12B-E625-4D7C-825A-C779A6EACCA5,https://www.co.jefferson.wa.us/CivicAlerts.aspx?AID=1478,South Shore Quinault Road Closed Outside of Park Boundary,olym,South Shore Road – which is maintained by Jefferson County – is closed due to a major wash-out. The Graves Creek and North Fork Trailheads and Campgrounds can be reached via N Shore Rd.,Information,[],00:00.0,yes,,
0927C7D3-61A1-406F-B115-5881E53D05CC,,Alcove House Closures,band,"Ladder replacement work has begun on the Alcove House. Temporary closures will be in effect, check with Visitor Center Staff for up-to-date information. Trail access to the Alcove House and beyond to Frijoles Canyon will remain open with temporary delays.",Park Closure,[],00:00.0,no,,
10941525-9761-47FE-B4E7-D9E141F4DF0C,https://www.recreation.gov/ticket/facility/10088103,Cave Tour Reservations,jeca,Advance cave tour reservations up until October 31st are available. Book ahead. Reservations full? Choose a day to come early to the park as close to opening as possible to purchase a same day cave tour ticket at the park.,Information,[],00:00.0,no,,
08FD4C32-0851-4EFD-811E-FF9740E965FB,https://www.nps.gov/dena/planyourvisit/shoulder-season.htm,Road Open To: Mile 30 (Teklanika River),dena,"The Denali Park Road is open to Mile 30, Teklanika River. Please stay alert for heavy equipment traveling on the park road.",Information,[],00:00.0,no,,
A5DD72E9-30A8-4605-BAF2-F019B7F72023,,Trails Not Maintained During Winter,rira,Trails at River Raisin National Battlefield Park are not maintained during winter months. Please use caution.,Caution,[],00:00.0,no,,
7AC60BAF-D4C0-4CDD-A83A-F5FA059FA1AC,https://www.michigan.gov/dnr/things-to-do/hunting/hunting-season-calendar,Fall Hunting Seasons,slbe,"Michigan has many designated hunting seasons for different animals. Several of these hunting seasons overlap and begin mid-September. Hunting is permitted within Sleeping Bear Dunes National Lakeshore in accordance with Michigan state laws and regulations. Hunting is not permitted within 450 feet of popular sites within the park, which are listed in the Superintendent's Compendium. Wearing brightly colored clothing is recommended for visitors.",Information,[],00:00.0,no,,
F5ED1868-7AAB-4BB5-AB7F-5198A5B9B747,,New Park Hours,puhe,"Starting October 5, 2025, the new hours of operation at Puʻukoholā Heiau National Historic Site will be 8:30am –4:30pm. The parking lot gate will close at 4:00pm.",Information,[],00:00.0,no,,
3021E1EE-9EBB-4A37-9F34-524CD317DB20,https://www.leesburgva.gov/departments/capital-projects/current-projects/parks-recreation-projects/veterans-park-at-balls-bluff,"Trail Closure at Veterans Park at Balls Bluff (Leesburg, Virginia)",pohe,"Veterans Park in Leesburg, Virginia, is closed for park improvements. All trails in the park are closed until Spring 2026.",Park Closure,[],00:00.0,no,,
FFF97498-A5ED-466F-BFCB-912093BFBE2D,https://www.nps.gov/olym/planyourvisit/fire-conditions-and-updates.htm,Wildland Fire near Constance Pass Trail,olym,"On September 6, Olympic Interagency Fire crews discovered a lightning-caused fire start approximately 0.5 miles southeast of the Sunnybrook Wilderness Campsite in Olympic National Park. The fire – now named the Sunnybrook Meadow Fire - currently covers 1/10 of an acre in the Daniel J. Evans Wilderness. There are no closures or threats to public safety or infrastructure at this time.",Caution,[],00:00.0,no,,
7DEB7CE1-F94B-4A57-BC28-889CAE174A54,https://www.nps.gov/seki/planyourvisit/road-construction.htm,Mineral King Road Experiencing Construction Closures and Delays Except on Sundays,seki,"A portion of Mineral King Road inside Sequoia National Park is under construction. There is a mixture of up-to-30-minute delays and closures from 7 am to 7 pm Monday through Saturday. No delays or closures on Sundays or holidays. Click ""more"" for details:",Park Closure,"[{'title': 'Mineral King Road Construction', 'id': '7DEB7CE1-F94B-4A57-BC28-889CAE174A54', 'type': 'roadevent', 'url': 'https://www.nps.gov/seki/planyourvisit/conditions.htm'}]",00:00.0,yes,,
EF614A2C-8A9A-4188-AED2-768723DD55A3,https://www.nps.gov/seki/planyourvisit/road-conditions.htm,A Few Small Roads Closed Due to Roadway Damage,seki,"These roads are closed due to roadway damage during past storm events and/or repairs to roadway damage: Middle Fork Rd, Redwood Canyon Rd, South Fork Rd, Crystal Cave Rd",Park Closure,"[{'title': 'Road Closures Related to Road Damage From and/or Repairs Of Past Storm Events', 'id': 'EF614A2C-8A9A-4188-AED2-768723DD55A3', 'type': 'roadevent', 'url': 'https://www.nps.gov/seki/planyourvisit/conditions.htm'}]",00:00.0,yes,,
A79675F3-3319-4234-9D68-5C3A6235E47D,,Increased Logging Activity on Swift Brook Road,kaww,"Logging trucks and other large machinery will be active on Swift Brook Road for an undetermined amount of time. Please use caution when driving. Always pull over for logging trucks, and wait until dust has cleared to continue moving.",Caution,[],00:00.0,no,,
82CEFAEC-8FEF-4A9F-AE73-6B010CE1AC6B,https://www.nps.gov/cato/planyourvisit/foxfield-deerfield-and-park-central-road-work-2025.htm,Catoctin Mountain Park announces upcoming closures on Foxville Deerfield and Park Central roads,cato,"Beginning Monday, August 11 through the end of October, portions of Foxville Deerfield and Park Central roads will be under construction. At times access will be limited or restricted. Click ""More"" for updated status and closure information.",Park Closure,[],00:00.0,yes,,
46FBB388-12CE-4D18-8CAD-A447A979E6E6,https://www.nps.gov/kaww/hunting.htm,Hunting Season Begins August 23rd,kaww,"Hunting season is upon us! Please stay alert and be mindful of the rights of lawful hunters. Hunting is permitted only East of the East Branch of the Penobscot River, but it is advised to wear high visibility clothing on all monument land.",Caution,[],00:00.0,no,,
C820F649-7E2E-4E1B-88D1-CA2392E67F1D,,Homestead Closure,anjo,"Until further notice the historic Andrew Johnson Homestead is closed to public access, this includes guided tours and education programs.",Park Closure,[],00:00.0,no,,
566FD123-18E3-4EC2-9ACD-279039711C63,,Phone Outage,biho,"Our site is experiencing connectivity issues with our phone system, and we are unable to receive calls. Please call 9-1-1 for emergencies. For all other inquiries, please email biho_visitor_information@nps.gov for a quicker response. Thank you for your patience while we resolve this issue.",Information,[],00:00.0,no,,
D92DD8F9-0926-4D69-862F-AADA89A1C965,,Katahdin Overlook Construction Closure,kaww,The Katahdin Overlook is currently closed for construction. Visitors are not permitted in the overlook area due to construction hazards. All other locations on the Loop Road are accessible.,Park Closure,[],00:00.0,no,,
2B0445F7-FB1E-43C4-83D0-325C60CEE428,,Temporary Closure of the Beaver Jim Villines' Boyhood Home,buff,"Beginning September 11, 2025, a temporary closure will be established for the Beaver Jim Villines' Boyhood Home to include the parking area along Highway 43. This area is across from the Ponca Access Road. The closure will remain in effect through October 10 to allow for construction at the site.",Park Closure,[],00:00.0,yes,,
BDA0DA92-BDDE-495E-A3CA-26EC77F84B33,,"Piñon Flats Campground, sites can be reserved 3 months in advance for 2026",grsa,"Due to the need for improvements in Piñon Flats Campground, sites can be reserved 3 months in advance beginning in 2026.",Information,[],00:00.0,no,,
3B931474-C462-434D-A98C-A574CB797687,https://www.nps.gov/wica/planyourvisit/calendar.htm,"Elk Bugling Programs Begin September 8, 2025",wica,"Elk bugling programs will be held at 7:00 pm on Monday, Wednesday and Saturday each week beginning September 8th and run through October 4th. Meet a park ranger outside the visitor center before caravanning in your own vehicle to the listening spot.",Information,[],00:00.0,no,,
E168ABFB-782F-41E2-949C-232B58C1582E,https://www.fs.usda.gov/r05/inyo/projects/reds-meadow-road-reconstruction,Reds Meadow Road Access Restrictions in 2025,depo,"Reds Meadow Road is tentatively open until October 6, 2025. The road and shuttle service, which provide access to Devils Postpile, are only open Saturdays and Sundays.",Park Closure,[],38:11.0,no,,
F97715E8-41B4-41EF-99F4-07E84CFC2B4D,,Ongoing Construction in Boott Mills Courtyard,lowe,"The Boott Cotton Mills Museum will remain open during all ongoing courtyard construction. Due to varying conditions, visitors are advised to follow all directional signs to access the museum entrance safely.",Information,[],00:15.0,no,,
D60C3159-C907-474C-8529-FAB572F7D37F,,Federal Highways Contractors will be mobilizing in the park on 9/10/2025 for two weeks.,petr,"Watch for construction crews, equipment, and changing traffic patterns. Obey posted signage and flagger instructions.  Reduced speed limits will be in effect near active work zones. Drive cautiously to protect workers and yourself. ",Caution,[],12:46.0,no,,
E01B1839-2CA8-4413-A56B-2952BDB63695,,Raceway Bridge Closed For Preservation,blrv,The Raceway Bridge is being replaced through mid-November. Please use Roosevelt Avenue entrances to access the park.,Park Closure,[],02:35.0,yes,,
0E3FD295-3681-4DEA-8A3F-D1E0C3043CC7,,Yellow Jacket (Vespula) Wasp Activity,havo,"Be aware of aggressive ground-nesting yellowjacket wasps. When threatened, leave the area. Do not swat wasps. If stung and you begin to experience serious symptoms or allergic reactions, call 911.",Caution,[],54:07.0,no,,
33F4F5BA-C2E7-4DE8-AE24-BC549BF2D715,https://www.nps.gov/olym/learn/news/mora-road-repair-will-require-single-lane-traffic-starting-on-september-9.htm,"Rialto Beach - Mora Road Repair Will Require Single-Lane Traffic, Up to 20-minute Delays",olym,"Starting on September 9, crews will stabilize and repair Mora Road - the road to Rialto Beach. The work will require single-lane traffic through the 0.25-mile work zone and may result in 20-minute delays.",Caution,[],51:45.0,no,,
8A5D7467-9F35-4FB8-A035-AE9DA6039BA9,https://www.nps.gov/dino/learn/news/quarryexhibithallfall2025closure.htm,Quarry Exhibit Hall Temporary Closure - September 8 through late October,dino,"The Quarry Exhibit Hall ""Wall of Bones"" is temporarily closed from September 8, 2025, to late October 2025 for a major road, parking lot, and sidewalk construction project. There will be no visitor access to the fossils in the quarry when closed.",Park Closure,[],46:44.0,yes,,
DBE45374-38F4-40F8-8B3D-454FE310AE09,,"Site Closure Beginning July 8, 2024",edal,The Edgar Allan Poe National Historic Site remains closed for a utilities improvement project. Check back fall 2025 for a reopening date.,Park Closure,[],26:42.0,no,,
A64F41B8-BC85-47B2-A30F-C767AADF4E0D,,9/5/2025 Evans Reopened,laro,"Effective immediately, Evans campground, day-use, group campsite, and boat launch are open to the public.",Information,[],01:30.0,no,,
8A0B13EA-1E6E-4881-8C31-6778E48F721D,https://www.nps.gov/mora/planyourvisit/park-construction.htm#SR-123-Closure,SR 123 is closed to all through traffic from Stevens Canyon Rd to Cayuse Pass in September 2025,mora,"Due to construction, SR 123 will be closed Sept 2 - 30 to all vehicles, pedestrians, & bicyclists from Stevens Canyon Road to Cayuse Pass / SR 410. Stevens Canyon Entrance remains open. Expect detours of 3-4 hours.",Park Closure,"[{'title': 'SR123 Closure', 'id': '8A0B13EA-1E6E-4881-8C31-6778E48F721D', 'type': 'roadevent', 'url': 'https://www.nps.gov/mora/planyourvisit/conditions.htm'}]",37:14.0,yes,,
5768FC75-4AC2-4F5A-ABB3-E6317DCF4FB1,,Main Phone Line Out of Order,blsc,The Parks main phone line is currently out of service. The Visitor Center and Offices can be contacted at 432-426-3816 or 432-426-3094,Information,[],22:41.0,no,,
A0CB4766-2462-4F2A-B1B7-1A0EE48E29E2,https://www.nps.gov/hofu/learn/historyculture/apple-orchard.htm,Apple Picking will not be Available for the 2025 Season.,hofu,"A limited yield was expected this year but as particular varieties approached their ideal ripeness, virtually no apples were present. Learn more about the historic orchard",Information,[],15:25.0,no,,
22883896-50D9-496D-8AF5-6184DE3BA8F7,https://www.nps.gov/neri/learn/news/winter-closure-of-new-river-gorge-npp-s-cunard-road-for-improvements.htm,Cunard Road delays,neri,Cunard Road is open. There is a section of one lane road with a traffic light. Expect delays of 3 to 5 minutes to get by this area.,Information,[],10:24.0,yes,,
A9F67667-A5EB-47FE-9D06-62AA5CAE6C4C,https://www.nps.gov/petr/planyourvisit/directions.htm,"Attention Visitors, Cab drivers, Uber drivers, and transportation service drivers",petr,"DO NOT drop off your passengers at the visitor center. No trail access. Visitors must be driven to a trail system from the visitor center. If passengers want to go to the visitor center, WAIT FOR THEM in the parking lot until they come back out.",Information,[],54:03.0,no,,
B7E27E4B-2BED-4ED9-AE13-02664EFD1499,https://www.nps.gov/vafo/learn/management/meadow-management.htm,Herbicide Spraying Throughout the Park - Stay Out of Flagged Areas,vafo,"During summer 2025, park staff and contracted and permitted companies will be applying herbicide treatments in selected locations throughout the park. Affected areas will be flagged. Do not enter areas when flagging is present.",Caution,[],36:59.0,no,,
,,,,,,,,,,
,,,,,,,,,,
,,,,,,,,,,
,,,,,,,,,,
,,,,,,,,,,
,,,,,,,,,,
,,,,,,,,,,
,,,,,,,,,,
,,,,,,,,,,
,,,,,,,,,,
,,,,,,,,,,
,,,,,,,,,,
,,,,,,,,,,
,,,,,,,,,,
,,,,,,,,,,
,,,,,,,,,,
,,,,,,,,,,
,,,,,,,,,,
,,,,,,,,,,
,,,,,,,,,,
,,,,,,,,,,
,,,,,,,,,,
,,,,,,,,,,
,,,,,,,,,,
,,,,,,,,,,
,,,,,,,,,,
,,,,,,,,,,
,,,,,,,,,,
,,,,,,,,,,
,,,,,,,,,,
,,,,,,,,,,
,,,,,,,,,,
,,,,,,,,,,
,,,,,,,,,,
,,,,,,,,,,
,,,,,,,,,,
,,,,,,,,,,
,,,,,,,,,,
,,,,,,,,,,
,,,,,,,,,,
,,,,,,,,,,
,,,,,,,,,,
,,,,,,,,,,
,,,,,,,,,,
,,,,,,,,,,
,,,,,,,,,,
,,,,,,,,,,
,,,,,,,,,,
,,,,,,,,,,
,,,,,,,,,,
,,,,,,,,,,
,,,,,,,,,,
,,,,,,,,,,
,,,,,,,,,,
,,,,,,,,,,
,,,,,,,,,,
,,,,,,,,,,
,,,,,,,,,,
,,,,,,,,,,
,,,,,,,,,,
,,,,,,,,,,
,,,,,,,,,,
,,,,,,,,,,
,,,,,,,,,,
,,,,,,,,,,
,,,,,,,,,,
,,,,,,,,,,
,,,,,,,,,,
,,,,,,,,,,
,,,,,,,,,,
,,,,,,,,,,
,,,,,,,,,,
,,,,,,,,,,
,,,,,,,,,,
,,,,,,,,,,
,,,,,,,,,,
,,,,,,,,,,
,,,,,,,,,,
,,,,,,,,,,
,,,,,,,,,,
,,,,,,,,,,
,,,,,,,,,,
,,,,,,,,,,
,,,,,,,,,,
,,,,,,,,,,
,,,,,,,,,,
,,,,,,,,,,
,,,,,,,,,,
,,,,,,,,,,
,,,,,,,,,,
,,,,,,,,,,
,,,,,,,,,,
,,,,,,,,,,
,,,,,,,,,,
,,,,,,,,,,
,,,,,,,,,,
,,,,,,,,,,
,,,,,,,,,,
,,,,,,,,,,
,,,,,,,,,,
,,,,,,,,,,
,,,,,,,,,,
,,,,,,,,,,
,,,,,,,,,,
,,,,,,,,,,
,,,,,,,,,,
,,,,,,,,,,
,,,,,,,,,,
,,,,,,,,,,
,,,,,,,,,,
,,,,,,,,,,
,,,,,,,,,,
,,,,,,,,,,
,,,,,,,,,,
,,,,,,,,,,
,,,,,,,,,,
,,,,,,,,,,
,,,,,,,,,,
,,,,,,,,,,
,,,,,,,,,,
,,,,,,,,,,
,,,,,,,,,,
,,,,,,,,,,
,,,,,,,,,,
,,,,,,,,,,
,,,,,,,,,,
,,,,,,,,,,
,,,,,,,,,,
,,,,,,,,,,
,,,,,,,,,,
,,,,,,,,,,
,,,,,,,,,,
,,,,,,,,,,
,,,,,,,,,,
,,,,,,,,,,
,,,,,,,,,,
,,,,,,,,,,
,,,,,,,,,,
,,,,,,,,,,
,,,,,,,,,,
,,,,,,,,,,
,,,,,,,,,,
,,,,,,,,,,
,,,,,,,,,,
,,,,,,,,,,
,,,,,,,,,,
,,,,,,,,,,
,,,,,,,,,,
,,,,,,,,,,
,,,,,,,,,,
,,,,,,,,,,
,,,,,,,,,,
,,,,,,,,,,
,,,,,,,,,,
,,,,,,,,,,
,,,,,,,,,,
,,,,,,,,,,
,,,,,,,,,,
,,,,,,,,,,
,,,,,,,,,,
,,,,,,,,,,
,,,,,,,,,,
,,,,,,,,,,
,,,,,,,,,,
,,,,,,,,,,
,,,,,,,,,,
,,,,,,,,,,
,,,,,,,,,,
,,,,,,,,,,
,,,,,,,,,,
,,,,,,,,,,
,,,,,,,,,,
,,,,,,,,,,
,,,,,,,,,,
,,,,,,,,,,
,,,,,,,,,,
,,,,,,,,,,
,,,,,,,,,,
,,,,,,,,,,
,,,,,,,,,,
,,,,,,,,,,
,,,,,,,,,,
,,,,,,,,,,
,,,,,,,,,,
,,,,,,,,,,
,,,,,,,,,,
,,,,,,,,,,
,,,,,,,,,,
,,,,,,,,,,
,,,,,,,,,,
,,,,,,,,,,
,,,,,,,,,,
,,,,,,,,,,
,,,,,,,,,,
,,,,,,,,,,
,,,,,,,,,,
,,,,,,,,,,
,,,,,,,,,,
,,,,,,,,,,
,,,,,,,,,,
,,,,,,,,,,
,,,,,,,,,,
,,,,,,,,,,
,,,,,,,,,,
,,,,,,,,,,
,,,,,,,,,,
,,,,,,,,,,
,,,,,,,,,,
,,,,,,,,,,
,,,,,,,,,,
,,,,,,,,,,
,,,,,,,,,,
,,,,,,,,,,
,,,,,,,,,,
,,,,,,,,,,
,,,,,,,,,,
,,,,,,,,,,
,,,,,,,,,,
,,,,,,,,,,
,,,,,,,,,,
,,,,,,,,,,
,,,,,,,,,,
,,,,,,,,,,
,,,,,,,,,,
,,,,,,,,,,
,,,,,,,,,,
,,,,,,,,,,
,,,,,,,,,,
,,,,,,,,,,
,,,,,,,,,,
,,,,,,,,,,
,,,,,,,,,,
,,,,,,,,,,
,,,,,,,,,,
,,,,,,,,,,
,,,,,,,,,,
,,,,,,,,,,
,,,,,,,,,,
,,,,,,,,,,
,,,,,,,,,,
,,,,,,,,,,
,,,,,,,,,,
,,,,,,,,,,
,,,,,,,,,,
,,,,,,,,,,
,,,,,,,,,,
,,,,,,,,,,
,,,,,,,,,,
,,,,,,,,,,
,,,,,,,,,,
,,,,,,,,,,
,,,,,,,,,,
,,,,,,,,,,
,,,,,,,,,,
,,,,,,,,,,
,,,,,,,,,,
,,,,,,,,,,
,,,,,,,,,,
,,,,,,,,,,
,,,,,,,,,,
,,,,,,,,,,
,,,,,,,,,,
,,,,,,,,,,
,,,,,,,,,,
,,,,,,,,,,
,,,,,,,,,,
,,,,,,,,,,
,,,,,,,,,,
,,,,,,,,,,
,,,,,,,,,,
,,,,,,,,,,
,,,,,,,,,,
,,,,,,,,,,
,,,,,,,,,,
,,,,,,,,,,
,,,,,,,,,,
,,,,,,,,,,
,,,,,,,,,,
,,,,,,,,,,
,,,,,,,,,,
,,,,,,,,,,
,,,,,,,,,,
,,,,,,,,,,
,,,,,,,,,,
,,,,,,,,,,
,,,,,,,,,,
,,,,,,,,,,
,,,,,,,,,,
,,,,,,,,,,
,,,,,,,,,,
,,,,,,,,,,
,,,,,,,,,,
,,,,,,,,,,
,,,,,,,,,,
,,,,,,,,,,
,,,,,,,,,,
,,,,,,,,,,
,,,,,,,,,,
,,,,,,,,,,
,,,,,,,,,,
,,,,,,,,,,
,,,,,,,,,,
,,,,,,,,,,
,,,,,,,,,,
,,,,,,,,,,
,,,,,,,,,,
,,,,,,,,,,
,,,,,,,,,,
,,,,,,,,,,
,,,,,,,,,,
,,,,,,,,,,
,,,,,,,,,,
,,,,,,,,,,
,,,,,,,,,,
,,,,,,,,,,
,,,,,,,,,,
,,,,,,,,,,
,,,,,,,,,,
,,,,,,,,,,
,,,,,,,,,,
,,,,,,,,,,
,,,,,,,,,,
,,,,,,,,,,
,,,,,,,,,,
,,,,,,,,,,
,,,,,,,,,,
,,,,,,,,,,
,,,,,,,,,,
,,,,,,,,,,
,,,,,,,,,,
,,,,,,,,,,
,,,,,,,,,,
,,,,,,,,,,
,,,,,,,,,,
,,,,,,,,,,
,,,,,,,,,,
,,,,,,,,,,
,,,,,,,,,,
,,,,,,,,,,
,,,,,,,,,,
,,,,,,,,,,
,,,,,,,,,,
,,,,,,,,,,
,,,,,,,,,,
,,,,,,,,,,
,,,,,,,,,,
,,,,,,,,,,
,,,,,,,,,,
,,,,,,,,,,
,,,,,,,,,,
,,,,,,,,,,
,,,,,,,,,,
,,,,,,,,,,
,,,,,,,,,,
,,,,,,,,,,
,,,,,,,,,,
,,,,,,,,,,
,,,,,,,,,,
,,,,,,,,,,
,,,,,,,,,,
,,,,,,,,,,
,,,,,,,,,,
,,,,,,,,,,
,,,,,,,,,,
,,,,,,,,,,
,,,,,,,,,,
,,,,,,,,,,
,,,,,,,,,,
,,,,,,,,,,
,,,,,,,,,,
,,,,,,,,,,
,,,,,,,,,,
,,,,,,,,,,
,,,,,,,,,,
,,,,,,,,,,
,,,,,,,,,,
,,,,,,,,,,
,,,,,,,,,,
,,,,,,,,,,
,,,,,,,,,,
,,,,,,,,,,
,,,,,,,,,,
,,,,,,,,,,
,,,,,,,,,,
,,,,,,,,,,
,,,,,,,,,,
,,,,,,,,,,
,,,,,,,,,,
,,,,,,,,,,
,,,,,,,,,,
,,,,,,,,,,
,,,,,,,,,,
,,,,,,,,,,
,,,,,,,,,,
,,,,,,,,,,
,,,,,,,,,,
,,,,,,,,,,
,,,,,,,,,,
,,,,,,,,,,
,,,,,,,,,,
,,,,,,,,,,
,,,,,,,,,,
,,,,,,,,,,
,,,,,,,,,,
,,,,,,,,,,
,,,,,,,,,,
,,,,,,,,,,
,,,,,,,,,,
,,,,,,,,,,
,,,,,,,,,,
,,,,,,,,,,
,,,,,,,,,,
,,,,,,,,,,
,,,,,,,,,,
,,,,,,,,,,
,,,,,,,,,,
,,,,,,,,,,
,,,,,,,,,,
,,,,,,,,,,
,,,,,,,,,,
,,,,,,,,,,
,,,,,,,,,,
,,,,,,,,,,
,,,,,,,,,,
,,,,,,,,,,
,,,,,,,,,,
,,,,,,,,,,
,,,,,,,,,,
,,,,,,,,,,
,,,,,,,,,,
,,,,,,,,,,
,,,,,,,,,,
,,,,,,,,,,
,,,,,,,,,,
,,,,,,,,,,
,,,,,,,,,,
,,,,,,,,,,
,,,,,,,,,,
,,,,,,,,,,
,,,,,,,,,,
,,,,,,,,,,
,,,,,,,,,,
,,,,,,,,,,
,,,,,,,,,,
,,,,,,,,,,
,,,,,,,,,,
,,,,,,,,,,
,,,,,,,,,,
,,,,,,,,,,
,,,,,,,,,,
,,,,,,,,,,
,,,,,,,,,,
,,,,,,,,,,
,,,,,,,,,,
,,,,,,,,,,
,,,,,,,,,,
,,,,,,,,,,
,,,,,,,,,,
,,,,,,,,,,
,,,,,,,,,,
,,,,,,,,,,
,,,,,,,,,,
,,,,,,,,,,
,,,,,,,,,,
,,,,,,,,,,
,,,,,,,,,,
,,,,,,,,,,
,,,,,,,,,,
,,,,,,,,,,
,,,,,,,,,,
,,,,,,,,,,
,,,,,,,,,,
,,,,,,,,,,
,,,,,,,,,,
,,,,,,,,,,
,,,,,,,,,,
,,,,,,,,,,
,,,,,,,,,,
,,,,,,,,,,
,,,,,,,,,,
,,,,,,,,,,
,,,,,,,,,,
,,,,,,,,,,
,,,,,,,,,,
,,,,,,,,,,
,,,,,,,,,,
,,,,,,,,,,
,,,,,,,,,,
,,,,,,,,,,
,,,,,,,,,,
,,,,,,,,,,
,,,,,,,,,,
,,,,,,,,,,
,,,,,,,,,,
,,,,,,,,,,
,,,,,,,,,,
,,,,,,,,,,
,,,,,,,,,,
,,,,,,,,,,
,,,,,,,,,,
,,,,,,,,,,
,,,,,,,,,,
,,,,,,,,,,
,,,,,,,,,,
,,,,,,,,,,
,,,,,,,,,,
,,,,,,,,,,
,,,,,,,,,,
,,,,,,,,,,
,,,,,,,,,,
,,,,,,,,,,
,,,,,,,,,,
,,,,,,,,,,
,,,,,,,,,,
,,,,,,,,,,
,,,,,,,,,,
,,,,,,,,,,
,,,,,,,,,,
,,,,,,,,,,
,,,,,,,,,,
,,,,,,,,,,
,,,,,,,,,,
,,,,,,,,,,
,,,,,,,,,,
,,,,,,,,,,
,,,,,,,,,,
