Park Alpha,Status,park alpha,park,State,region,title,description,category,relatedRoadEvents
ORPI,Using TDx feed and alerts,ORPI,Organ Pipe Cactus National Monument,AZ,IMR,"['Shoulder Work on Highway 85', 'West and East Border Roads closed for public safety', 'Gachado Line Camp open. Southeast border road and access roads closed', 'Pozo Nuevo Road to Bates Well Ranch High Clearance, 4-Wheel Drive Only']","['Road crews will be clearing vegetation along State Route 85 beginning September 16, 2025 and throughout the remainder of the week. Motorists are advised to drive with caution as there may be workers and/or equipment in the road.', 'All border roads a remain closed (the dirt roads directly along the border and all crossover roads leading from South Puerto Blanco Drive to the border) to all public vehicle and pedestrian traffic for public safety. South Puerto Blanco Drive remains open', 'El Camino De Dos Republicas remains open from SR85 to Gachado Line Camp. Dos Lomitas is not accessible. The southeast border road from Lukeville Port of Entry eastward to the Santa Rosa Mountains is closed to public vehicle and pedestrian traffic.', 'High Clearance, 4-wheel drive is required from where Pozo Nuevo Road begins along South Puerto Blanch Drive to Bates Well Ranch area. The road is washed out in areas. Bates Well Ranch is still accessible from the north on Darby Well Road.']","['Caution', 'Park Closure', 'Park Closure', 'Caution']","[[], [], [{'title': 'Gachado to Dos Lomitas Closure', 'id': 'E05CBECD-199E-434C-BB3A-D94BFD968FEB', 'type': 'roadevent', 'url': 'https://www.nps.gov/orpi/planyourvisit/conditions.htm'}], []]"
GRSM,Using TDx feed and alerts,GRSM,Great Smoky Mountains National Park,"TN,NC",SER,"['Park Headquarters Road and part of the Gatlinburg Trail closed', 'Old NC 284 is closed from Cataloochee Creek to Cataloochee Valley', 'Cades Cove Loop Road is closed to motor vehicles every Wednesday', 'Straight Fork and the one-way section of Balsam Mountain Road closed.', 'Most visitors need a parking tag']","['Park Headquarters Road and a portion of the Gatlinburg Trail are closed through September 2025 due to rehabilitation work on the Sugarlands water and wastewater systems. During this time, 0.6 miles of the Gatlinburg Trail remain open and accessible from the downtown Gatlinburg trailhead. There is no access to the trail from the Sugarlands Visitor Center. The full trail is expected to reopen by October 1.', 'Old NC 284 is open from Big Creek to Cataloochee creek, however there is no access to Cataloochee Valley due to road damage.', 'Cades Cove Loop Road is closed to motor vehicles every Wednesday from June 18 to September 24. This allows pedestrians and cyclists to enjoy the cove without the presence of vehicles on the roadway.', 'Straight Fork and the one-way section of Balsam Mountain Road (Heintooga Round-Bottom Road) are closed. The 9-mile paved section of Balsam Mountain Road remains open; visitors may still access Balsam Mountain Campground.', 'All vehicles parking for longer than 15 minutes require a parking tag. Three tag durations are available for purchase for all vehicle sizes and types: Daily ($5), Weekly ($15), or Annual ($40).']","['Park Closure', 'Park Closure', 'Information', 'Park Closure', 'Information']","[[{'title': 'Park Headquarters Road closed', 'id': '83FCF166-F81F-4492-A1D1-3013CD2A09D3', 'type': 'roadevent', 'url': 'https://www.nps.gov/grsm/planyourvisit/conditions.htm'}], [{'title': 'Old 284 closed to all traffic near Cataloochee', 'id': 'C7DB457F-58CA-4C25-B7F4-17FA3FF53AD1', 'type': 'roadevent', 'url': 'https://www.nps.gov/grsm/planyourvisit/conditions.htm'}], [], [{'title': 'Road Closed', 'id': '8BFDECEA-1900-4FB5-BED6-90A603B42CDB', 'type': 'roadevent', 'url': 'https://www.nps.gov/grsm/planyourvisit/conditions.htm'}], []]"
CRLA,Using TDx feed and alerts,CRLA,Crater Lake National Park,OR,PWR,"['East Rim Drive from Reflection Point to Sun Notch for Major Road Construction Project', 'Roads May Be Icy - Please Use Caution!']","['East Rim Drive from Reflection Point to Sun Notch is closed for major road construction. The Pinnacles Road is only accessible by hiking or biking Grayback Road or traveling on a gravel US Forest Service Road to the park boundary.', 'Even though the sun is shining, the open roads in the park may still have icy patches, especially in the mornings and evenings when the temperatures drop. Please drive with caution.']","['Park Closure', 'Caution']","[[{'title': 'East Rim Drive from Reflection Point to Sun Notch', 'id': 'A6058329-0326-4714-8ABD-52B155369AB8', 'type': 'roadevent', 'url': 'https://www.nps.gov/crla/planyourvisit/conditions.htm'}], []]"
YOSE,Using TDx feed and alerts,YOSE,Yosemite National Park,CA,PWR,['Delays on Wawona Road (continuation of Highway 41)'],"['Expect delays on Wawona Road between Yosemite Valley and Wawona from Sunday night, August 24, to mid-November, Sundays at 11 pm through Fridays at 4:30 pm.']",['Information'],"[[{'title': 'Wawona Road Delays', 'id': '9444532C-FB52-42F2-956C-E475C5CF73FB', 'type': 'roadevent', 'url': 'https://www.nps.gov/yose/planyourvisit/conditions.htm'}]]"
DINO,Using TDx feed and alerts,DINO,Dinosaur National Monument,"CO,UT",IMR,"['Quarry Exhibit Hall Temporary Closure - September 8 through late October', 'Rough Sections of Echo Park and Yampa Bench Roads']","['The Quarry Exhibit Hall ""Wall of Bones"" is temporarily closed from September 8, 2025, to late October 2025 for a major road, parking lot, and sidewalk construction project. There will be no visitor access to the fossils in the quarry when closed.', 'Recent storm damage resulted in washouts, exposed culverts, and rocks/mud on the roadway. Multiple sections of deep, powdery sand along Echo Park Road remain impassable for many vehicles, including small SUVs. High clearance and 4WD are strongly advised.']","['Park Closure', 'Caution']","[[], []]"
BUFF,Using TDx feed and alerts,BUFF,Buffalo National River,AR,MWR,"[""Temporary Closure of the Beaver Jim Villines' Boyhood Home"", 'South Woolum Road Closed, Alternate Route Available', 'Spring Creek Landing Closed to Vehicle-Assisted Launches']","[""Beginning September 11, 2025, a temporary closure will be established for the Beaver Jim Villines' Boyhood Home to include the parking area along Highway 43. This area is across from the Ponca Access Road. The closure will remain in effect through October 10 to allow for construction at the site."", 'In the interest of safety, the South Woolum Road has been closed. The Woolum launch and campground remain open.', 'The Spring Creek Landing has been closed to vehicle-assisted launches. Watercraft may still be put in and take out at this point, but must be hand carried to and from the parking area. This is to ensure the safety of visitors and avoid continued erosion.']","['Park Closure', 'Park Closure', 'Information']","[[], [{'title': 'South Woolum Road Closure', 'id': '123E2192-4095-4B79-9752-D7408F4D6B4D', 'type': 'roadevent', 'url': 'https://www.nps.gov/buff/planyourvisit/conditions.htm'}], []]"
OZAR,Using TDx feed and alerts,OZAR,Ozark National Scenic Riverways,MO,MWR,"['Peavine Road Closed', 'River Ferry at Akers (on State Highway K) CLOSED until further notice']","['Peavine Road near Big Spring will be closed for paving beginning 7/28 at noon and will remain closed for several weeks. Please use Highway 103 to reach all destinations in the Big Spring area.', 'The Akers Ferry on State Highway K will not be in service until further notice.']","['Park Closure', 'Caution']","[[], [{'title': 'Akers Ferry Closure', 'id': '88590FD8-1D4F-47D8-99C4-DB9D7E172BAD', 'type': 'roadevent', 'url': 'https://www.nps.gov/ozar/planyourvisit/conditions.htm'}]]"
NATR,Using TDx feed and alerts,NATR,Natchez Trace Parkway,"AL,MS,TN",SER,"['9/2/2025 Update - Jeff Busby (MP 193.1) Campground Closed', '7/07/2025 - Single Lane Closures from MP 354.3-363.7']","['Due to ongoing road construction between MP 181 and MP204, the campground at Jeff Busby is closed.', 'Single lane closures will occur in Wayne County, TN from mileposts 354.3 to 363.7. Flaggers will be on the roadways to help direct traffic.']","['Park Closure', 'Caution']","[[], [{'title': 'Single Lane Closure', 'id': 'A4F9CC2A-6359-4A8D-A204-D9929A7F0619', 'type': 'roadevent', 'url': 'https://www.nps.gov/natr/planyourvisit/conditions.htm'}]]"
BLRI,Using TDx feed and alerts,BLRI,Blue Ridge Parkway,"NC,VA",SER,['Ongoing Road Projects and Helene Recovery'],"['Parkway areas closed for ongoing road maintenance, construction, and Helene recovery projects.']",['Park Closure'],"[[{'title': 'Ongoing Road Projects and Helene Recovery', 'id': 'D9A9DD10-3B81-4982-A6B4-584A050C5E37', 'type': 'roadevent', 'url': 'https://www.nps.gov/blri/planyourvisit/conditions.htm'}]]"
GUMO,Using TDx feed and alerts,GUMO,Guadalupe Mountains National Park,TX,IMR,"['Williams Ranch Road Closed', ""Devil's Hall is a Strenuous Hike""]","['The Williams Ranch Road is currently impassable and closed to public access due to unsafe conditions.', ""The hike to Devil's Hall is rated as strenuous. The portion of the route in the wash requires rock scrambling and is dangerous when wet or if water is present. The wash surface is loose gravel and rocks and may be unstable.""]","['Information', 'Caution']","[[{'title': 'Williams Ranch Road Closure', 'id': '97D83B2E-A67F-4C5F-96F0-A173B573BF7B', 'type': 'roadevent', 'url': 'https://www.nps.gov/gumo/planyourvisit/conditions.htm'}], []]"
GOGA,Using TDx feed and alerts,GOGA,Golden Gate National Recreation Area,CA,PWR,"['Temporary Night Closures for Baker-Barry Tunnel September 15-21, 2025', 'Auto-Theft Warning - Only Bring What You Need to the Park']","['Barry-Baker Tunnel will be closed from 10 pm to 6 am each night for maintenance. Visitors entering or leaving the Marin Headlands should expect delays or detour to Conzelman and McCullough Roads. Flaggers and traffic control will be on work site. Obey the cone zone!', 'You can prevent vehicle break-ins in parking lots and scenic overlooks. Before leaving your car for even a short period of time: 1) Remove all valuables, 2) Lock your doors. 3) Take your cell phones and electronics with you. Read article for more details.']","['Park Closure', 'Caution']","[[{'title': 'Temporary Night Closures for Baker-Barry Tunnel September 15-21, 2025', 'id': 'F1A4BB53-9714-4402-A8CE-C881F5B234F8', 'type': 'roadevent', 'url': 'https://www.nps.gov/goga/planyourvisit/conditions.htm'}], []]"
PINN,Only using alerts,PINN,Pinnacles National Park,CA,PWR,['Fire Danger VERY HIGH'],['Wood-burning fires and charcoal grills are prohibited. Propane and gas stoves allowed only in campground and picnic areas. No smoking on trail. No roadside parking. Fireworks are always prohibited.'],['Caution'],[[]]
HAVO,Only using alerts,HAVO,Hawai'i Volcanoes National Park,HI,PWR,['Hilina Pali and Mauna Loa Road Closed to Vehicles'],['Hilina Pali Road (at Mauna Iki Trail) and Mauna Loa Road (at Kīpukapuaulu) are temporarily closed to vehicles due to high fire danger; hiking and bicycling are permitted'],['Park Closure'],[[]]
CHIR,Only using alerts,CHIR,Chiricahua National Monument,AZ,IMR,['Vehicle Length & Trailer Restrictions'],['No large vehicle turnaround after Faraway Ranch Parking (1 mile after entrance). Vehicles over 29 feet park at Faraway. Disconnect trailers at Faraway. Trailers with campground reservations proceed to camp. Scenic drive = 24 ft limit and no trailers.'],['Information'],[[]]
WRST,Only using alerts,WRST,Wrangell-St. Elias National Park,AK,AKR,['Lakina River Update'],"['A recently observed landslide across the Lakina River is creating a debris hazard on a popular packrafting route. The river water is cutting its way through, but is highly dynamic and should be expected to remain that way through the boating season.']",['Caution'],[[]]
CHOH,Only using alerts,CHOH,Chesapeake and Ohio Canal National Historical Park,"DC,MD,WV",NCR,['Hiking in Gold Mine Tract'],['Visitors are restricted to the designated trails within the Gold Mine Tract in the Great Falls area. This location is generally defined as that area bordered by MacArthur Boulevard and Berma Road and depicted on the Great Falls Maryland Hiking Map.'],['Caution'],[[]]
SEMO,Only using alerts,SEMO,Selma to Montgomery National Historic Trail,AL,SER,"['Temporary Location - Selma Welcome Center', 'Selma Interpretive Center Closed for Major Construction']","['Due to the closure of the Selma Interpretive Center, the Selma Welcome Center at 14 Broad Street has trail staff to provide visitor information services.', 'The Selma Interpretive Center will remain closed to the public until the project’s completion, which is expected by 2028. The Lowndes and Montgomery Interpretive Centers and the temporary location at the Selma Welcome Center at 14 Broad Street are open']","['Information', 'Park Closure']","[[], []]"
CHCH,Only using alerts,CHCH,Chickamauga and Chattanooga National Military Park,GA,SER,['Road Construction Continues on a Section of Brotherton Road in Chickamauga Battlefield'],"[""The Brotherton Road closure, between Alexander's Bridge and LaFayette Roads, remains in effect as rehabilitation continues. During the closure, all public traffic is prohibited from using the closed section.""]",['Information'],"[[{'title': 'Closure of a Section of Brotherton Road in Chickamauga Battlefield', 'id': '2447DCCC-35CB-487A-9E1D-ABD719B80885', 'type': 'roadevent', 'url': 'https://www.nps.gov/chch/planyourvisit/conditions.htm'}]]"
NOCA,Only using alerts,NOCA,North Cascades National Park,WA,PWR,"['Park Access along State Route 20 Affected by Upcoming Closures', 'Hozomeen Gate Remains Closed', 'Be Aware of Break-ins along State Route 20']","['There are upcoming temporary trailhead closures on popular areas within Okanogan-Wenatchee National Forest along State Route 20 from August 18-September 25 which affects park access.', 'Until further notice, the gate at Hozomeen will remain closed; vehicle and foot traffic across the US/Canada border is prohibited. Visitors must enter through a designated port of entry.', 'Prevent smashed windows and theft. Break-ins are not uncommon at trailheads along State Route 20. Remove your valuables and electronics and take associated electronic cords.']","['Information', 'Park Closure', 'Caution']","[[], [], []]"
YELL,Only using alerts,YELL,Yellowstone National Park,"ID,MT,WY",IMR,['Vehicle Entrance Reservation Not Needed'],"['Although an entrance pass is required to enter Yellowstone National Park, vehicle reservations are not needed. You are encouraged to purchase an entrance pass before arriving, but you may also purchase passes at any entrance station upon arrival.']",['Information'],[[]]
NATT,Only using alerts,NATT,Natchez Trace National Scenic Trail,"AL, MS, TN",SER,['Temporary Blackland Prairie Trail Closure to Equestrians'],"['Heavy rain has undermined a culvert making it unsafe for passage. Due to horse trailer parking availability, the entire section is closed to equestrians. Hikers are still able to travel from the railroad tracks to the Parkway Visitor Center.']",['Park Closure'],[[]]
VICK,Only using alerts,VICK,Vicksburg National Military Park,MS,SER,"['Illinois Memorial Closed for Restoration', 'North Union Avenue and Grant Circle Closed for Repairs', 'Adjustments to USS Cairo Museum and Visitor Center Days of Operation', 'National Cemetery Closed to Vehicles; Open to Pedestrians', 'Louisiana Circle Closed']","['The memorial itself is closed for restoration starting on September 16, 2025. The parking area is partially closed. Parking spaces are open to allow access to Tour Stop 2/Shirley House. Tour Stop 3/3rd Louisiana Redan is open. The Tour Road is open.', 'North Union Avenue and Grant Circle are closed to vehicular and pedestrian traffic for repairs. Entering these construction areas is prohibited. This work is to repair severe weather damage in 2020. The remainder of the park and tour road are open.', 'Starting October 2, 2024, the USS Cairo Museum will be open 7 days a week and the Visitor Center will be open Wednesday-Sunday. The park grounds, fee booth, Visitor Center restrooms, and tour road will remain open seven days a week.', 'Due to weather related incidents, Vicksburg National Cemetery is closed to vehicular traffic, however it is open to pedestrians. Visitor can park in the adjacent USS Cairo parking lot and walk into the cemetery.', 'Louisiana Circle is closed to vehicles and pedestrians due to slope instability. Navy Circle is open and also provides views of the Mississippi River.']","['Park Closure', 'Park Closure', 'Information', 'Park Closure', 'Park Closure']","[[], [], [], [], []]"
HOBE,Only using alerts,HOBE,Horseshoe Bend National Military Park,AL,SER,['Tour Road Closed'],"['Due to safety hazards caused by tornado damage, the Tour Road is open up to Tour Stop 2, but no further, and the Nature Trail is closed. The Visitor Center is now open.']",['Park Closure'],[[]]
MIMA,Only using alerts,MIMA,Minute Man National Historical Park,MA,NER,"[""Meriam's Corner Parking Lot Closed 9/17-9/19""]","[""The Meriam's Corner parking lot will be closed for construction September 17 until September 19. The Battle Road Trail will be temporarily re-routed around the parking lot so through access for trail users can continue.""]",['Park Closure'],[[]]
COLO,Only using alerts,COLO,Colonial National Historical Park,VA,NER,['Rehabilitation of Colonial Parkway continues with additional Parkway closures'],"['Beginning Tuesday, April 9, 2024, construction will close the Colonial Parkway to all travel in either direction between Yorktown and VA Route 199. Follow all detour signs. See additional closure information in the link below.']",['Park Closure'],[[]]
WICA,Only using alerts,WICA,Wind Cave National Park,SD,MWR,"['Elk Bugling Programs Begin September 8, 2025']","['Elk bugling programs will be held at 7:00 pm on Monday, Wednesday and Saturday each week beginning September 8th and run through October 4th. Meet a park ranger outside the visitor center before caravanning in your own vehicle to the listening spot.']",['Information'],[[]]
VALL,Only using alerts,VALL,Valles Caldera National Preserve,NM,IMR,['Trail closure for pipeline restoration project'],['The VC09/South Valle Toledo/Posos Trail from the Valle Toledo parking area to the eastern park boundary is closed for restoration. The NPS is working on a trail reroute for the 2025 season and will provide details as soon as possible.'],['Information'],[[]]
PARA,Only using alerts,PARA,Grand Canyon-Parashant National Monument,AZ,IMR,"['Looking for a Grand Canyon view? A warning about mobile devices and map/navigation apps', 'Arizona Off-Highway Vehicle (OHV) Requirements for Residents and Non-residents.']","['Map apps may direct you to Parashant if you search for directions to ""Grand Canyon"" due the canyon\'s name in both the national park and monument names. The national park has paved roads and services. Parashant has no services and rugged/remote conditions.', 'Off-highway vehicles (OHVs) are required by law to display a valid OHV decal to operate on public and state trust lands in Arizona. This includes “street legal” vehicles that meet these two requirements.']","['Caution', 'Information']","[[], []]"
LAKE,Only using alerts,LAKE,Lake Mead National Recreation Area,NV,PWR,"['Fire Restrictions - HIGH FIRE DANGER', 'Government Wash closure to vehicle access and overnight camping']","['Currently prohibited: 1) fires/campfires outside of developed rec. site (e.g. campground) 2) Campfires in areas posted “no campfires” or near marinas and launch ramps 3) Smoking outside of an enclosed vehicle; discarding cigarettes outside of ashtray', 'Government Wash Road and 8.0 Mile Road will be blocked, and motor vehicle access and overnight camping in the area will be prohibited. Hiking, biking, and shoreline access by boat for recreation within 100 feet of the shoreline will remain available.']","['Danger', 'Park Closure']","[[], []]"
FOMC,Only using alerts,FOMC,Fort McHenry National Monument and Historic Shrine,MD,NER,"['Preservation Work Along Trails', 'Motorized Recreational Scooters Not Permitted in Park']","['Starting March 18, preservationists restoring the bronze state plaques along the entrance road, and the War of 1812 commemorative markers in the Orpheus Grove. Some of these areas may be temporarily closed while work is in progress.', 'For the safety and protection of visitors and park resources, motorized scooters are not permitted within the park. Any vehicles (scooters, bicycles, etc.) that are part of a ride-share program may not be left behind for pick up inside the park']","['Information', 'Information']","[[], []]"
PETE,Only using alerts,PETE,Petersburg National Battlefield,VA,NER,['Tour Road Closed South of Route 36 at the Eastern Front'],['The Tour Road south of Route 36 is closed to vehicles at the Eastern Front. Scheduled maintenance begins. Walkers and bicyclists must follow signs for detours around construction areas.'],['Park Closure'],[[]]
SEKI,Only using alerts,SEKI,Sequoia & Kings Canyon,CA,PWR,"['Mineral King Road Experiencing Construction Closures and Delays Except on Sundays', 'A Few Small Roads Closed Due to Roadway Damage']","['A portion of Mineral King Road inside Sequoia National Park is under construction. There is a mixture of up-to-30-minute delays and closures from 7 am to 7 pm Monday through Saturday. No delays or closures on Sundays or holidays. Click ""more"" for details:', 'These roads are closed due to roadway damage during past storm events and/or repairs to roadway damage: Middle Fork Rd, Redwood Canyon Rd, South Fork Rd, Crystal Cave Rd']","['Park Closure', 'Park Closure']","[[{'title': 'Mineral King Road Construction', 'id': '7DEB7CE1-F94B-4A57-BC28-889CAE174A54', 'type': 'roadevent', 'url': 'https://www.nps.gov/seki/planyourvisit/conditions.htm'}], [{'title': 'Road Closures Related to Road Damage From and/or Repairs Of Past Storm Events', 'id': 'EF614A2C-8A9A-4188-AED2-768723DD55A3', 'type': 'roadevent', 'url': 'https://www.nps.gov/seki/planyourvisit/conditions.htm'}]]"
CARE,Only using alerts,CARE,Capitol Reef National Park,UT,IMR,['Monsoon Season & Flash Floods'],"['Heavy rains can cause sudden flooding, especially in canyons and washes. Do not drive or hike through flood waters. Get to high ground and wait for floods to subside. Some roads may close temporarily; closures are posted at the visitor center.']",['Caution'],[[]]
ANJO,Only using alerts,ANJO,Andrew Johnson National Historic Site,TN,SER,['Notice to travelers to National Cemetery'],"['Due to the narrow roadway & tight turn, RVs, mobile homes, charter buses, delivery trucks, or vehicles with trailers are prohibited from the crest of Monument Hill. Check for information about parking at the Visitor Center upon your arrival.']",['Caution'],[[]]
SHIL,Only using alerts,SHIL,Shiloh National Military Park,TN,SER,"['Major Road Closure in Corinth, MS']","['ALERT - Major Road Closure in Corinth, Mississippi. A major bridge replacement has begun on North Polk Street in Corinth, MS, and motorists will need to seek other routes. The work is not estimated to be completed until July or August 2026.']",['Information'],[[]]
FODU,Only using alerts,,,,,,,,
CHCU,Only using alerts,CHCU,Chaco Culture National Historical Park,NM,IMR,['Loop Road Closure - 9/16 to 9/18'],"['Due to construction work on the loop road, the following closures are in effect: Tue-Thu, 9/16-9/18, the loop road will be closed from the entrance to Pueblo Bonito. Casa Rinconada, Pueblo del Arroyo, and Pueblo Bonito will be the ONLY areas available to visit via pilot car. Hungo Pavi and the north side of the road will remain closed. Please follow instructions from flaggers while visiting to stay safe.']",['Park Closure'],[[]]
BIBE,Only using alerts,BIBE,Big Bend National Park,TX,IMR,"['Road Closures', 'Bringing a Pet to Big Bend?']","['The paved road between Cottonwood Campground and Santa Elena Canyon, and the following dirt roads: Hot Springs Road, Old Ore Road, River Road West to Glenn Springs Road, and Black Gap Road remain closed due to the flood damage. Old Maverick Road is open to high-clearance, 4x4 vehicles only.', 'Bringing your pet to Big Bend National Park will limit some of your park explorations and opportunities. Pets are not allowed on park trails, in the backcountry, or on the river. Pets are allowed only where vehicles can go. Pets may not be left unattended']","['Park Closure', 'Information']","[[], []]"
KATM,Only using alerts,KATM,Katmai National Park and Preserve,AK,AKR,['Valley Road Emergency Camping Closure'],"['A bear obtained food on the road to the Valley of 10,000 Smokes by opening an improperly secured food canister. The first two miles of the road is closed to camping.']",['Information'],[[]]
CANY,Only using alerts,CANY,Canyonlands National Park,UT,IMR,"['Grand View Point Closed for Construction Weekdays July 28 through September', 'Expect Long Lines at Island in the Sky Entrance']","['Grand View Point Overlook, Grand View Point Trail, and 0.3 mi (0.5 km) of park road is closed Monday to Thursday. The closure applies to all uses, including vehicles, tour buses, motorcycles, bikes, & hikers. Parking is open but limited Friday to Sunday.', 'Between March and November, particularly on busy holiday weekends, you may experience long lines at the entrance road. Parking lots at popular trailheads and viewpoints will fill early. Pack your patience and arrive early to avoid crowds.']","['Park Closure', 'Information']","[[], []]"
FODO,Only using alerts,FODO,Fort Donelson National Battlefield,TN,SER,['Fort Donelson NB Park Fall Hours'],['Visitor Access to Fort Donelson NB Park Lands: Pedestrian Access is from sunrise to sunset. Automobile Access to Fort Donelson NB Park Roads 8:00 am – 6:00 p.m. daily.'],['Information'],[[]]
TUZI,Only using alerts,TUZI,Tuzigoot National Monument,AZ,IMR,['Stage 2 Fire Restrictions'],"['Igniting or using fires fueled by combustible materials, that create an open flame, is strictly prohibited. Smoking is only allowed within an enclosed vehicle or developed site.']",['Information'],[[]]
FONE,Only using alerts,FONE,Fort Necessity National Battlefield,PA,NER,['Picnic Area Closed Periodically'],"['The road up to the picnic area and picnic area may be temporarily closed. Please be careful if going there. Please use caution when hiking near the closed areas. Please report any trees that you find down, and do not climb over or under fallen trees']",['Caution'],[[]]
MOCA,Only using alerts,MOCA,Montezuma Castle National Monument,AZ,IMR,['Stage 2 Fire Restrictions'],"['Igniting or using fires fueled by combustible materials, that create an open flame, is strictly prohibited. Smoking is only allowed within an enclosed vehicle or developed site.']",['Information'],[[]]
PETR,Only using alerts,PETR,Petroglyph National Monument,NM,IMR,['Vehicle Break-Ins: Take precautions to secure your vehicle and valuables.'],"[""This is an urban park. Don't hide valuables inside your car. Carry items with you on hike. Lock your vehicle and set car alarm. Recent auto break-ins at Rinconada Canyon parking lot. Report suspicious persons loitering/peeking in cars. Call 928-638-7805""]",['Caution'],[[]]
NERI,Only using alerts,NERI,New River Gorge National Park and Preserve,WV,NER,['Cunard Road delays'],['Cunard Road is open. There is a section of one lane road with a traffic light. Expect delays of 3 to 5 minutes to get by this area.'],['Information'],[[]]
WACA,Only using alerts,WACA,Walnut Canyon National Monument,AZ,IMR,['Island Trail Partially Closed'],['A portion of the Island trail loop is currently closed. The trail has been rerouted as an out and back trail.'],['Information'],[[]]
AMCH,Only using alerts,AMCH,Amache National Historic Site,CO,IMR,['Road Damage'],"['Due to damage from heavy rains, some roads may require high clearance or 4x4 vehicles for passage. Please use caution when approaching and driving on roadways. Trailers over 30 feet not advised.']",['Caution'],[[]]
DEVA,Only using alerts,DEVA,Death Valley National Park,"CA, NV",PWR,['North Highway Closed from CA-190 to Grapevine Ranger Station'],"['North Highway is closed from the junction with Mud Canyon (exit to Beatty, NV) to the Grapevine Ranger Station. It is not possible to exit this way if vehicles enter from Big Pine or Racetrack Road.']",['Park Closure'],[[]]
WHSA,Only using alerts,WHSA,White Sands National Park,NM,IMR,"['Dunes Drive Safety Corridor', 'Park Closures', 'RV and Tractor Trailer Parking at the Visitor Center']","['Dunes Drive is open. A safety corridor is in effect between mile marker 3 and 5.5 along Dunes Drive. Visitors may drive but not stop or exit their vehicle in this area.', 'From time to time the missile range that surrounds the park performs military testing that may require the closure of the park or Highway 70. Please plan your visit around upcoming military tests.', 'There is limited space for parking for recreational vehicles and trailers in the parking lot directly in front (south) of the visitor center. RVs are asked to not park in the lot behind the visitor center. There is no parking space for tractor trailers.']","['Park Closure', 'Information', 'Information']","[[], [], []]"
MORR,Only using alerts,MORR,Morristown National Historical Park,NJ,NER,['Passaic River Trail Bridge washed out'],"[""Tropical Storm Ida washed out the Passaic River bridge on the Patriot's Path Trail south of Tempe Wick Road. This area is a known habitat of the endangered wood turtle, so do not wade, walk, or let your dog run in the river at this location.""]",['Caution'],[[]]
GICL,Only using alerts,GICL,Gila Cliff Dwellings National Monument,NM,IMR,['Secure trash and food'],"['Pack it in, pack it out! There are no trash services in or around the monument. All food & trash must be secured inside a vehicle. Ravens routinely open zipped bags & tear into trash bags left outside or in the bed of a truck.']",['Information'],[[]]
GRFA,Only using alerts,,,,,,,,
ELMA,Only using alerts,ELMA,El Malpais National Monument,NM,IMR,"['NPS 300 Road Conditions', 'El Calderon Trail closed for construction August 11, 2025 through May 2026', 'Stage II Fire Restrictions in effect']","['NPS 300 to Big Tubes has some mud and ruts. Conditions may change following thunderstorms. A high clearance, four-wheel drive vehicle is recommended.', 'The El Calderon Trail and parking area are closed from August 11, 2025, through late May 2026 for a major improvement project. NPS Road 100 will remain open for local traffic only, and the Continental Divide Trail will remain open for CDT thru-hikers.', 'Stage II Fire Restrictions are in effect until further notice. The following activities are prohibited: building, maintaining, attending or using a fire, campfire, charcoal, coal, or wood stove and smoking, except within an enclosed vehicle.']","['Caution', 'Park Closure', 'Caution']","[[], [], []]"
CHIC,Only using alerts,CHIC,Chickasaw National Recreation Area,OK,IMR,['Northwest Perimeter Road Open'],['Northwest Perimeter Road is now accessible to visitors. Extensive cleanup and restoration efforts have been made following the EF 3 tornado that occurred on 4/27/2024. Please exercise good judgment and caution when driving or hiking through this area.'],['Information'],[[]]
CAVO,Only using alerts,CAVO,Capulin Volcano National Monument,NM,IMR,"['Summer road work in area and monument', 'Volcano Rim and Vent trail close at 3:30pm', 'Volcano Road Closed to RVs and Buses over 26 feet, and to all Trailers.']","['Chipseal work has begun on NM325 which may delay access to Capulin through mid-July. Volcano Road chipseal begins September 15th. Watch for fresh tar and loose gravel as well as construction vehicles and workers.', 'Due to the Volcano top area closing to vehicles at 4:15pm there is not enough time to finish a top hike after 3:30pm. The volcano top must be clear of ALL vehicles by 4:15pm daily.', 'The Volcano top road is not accessible to RVs, buses, attached trailers, or any other vehicle over 26 feet in length, due to the narrowness and weight limits of Volcano Road. Trailer drop off and RV/bus parking is available at the Visitor Center.']","['Caution', 'Information', 'Park Closure']","[[], [], []]"
CANA,Only using alerts,CANA,Canaveral National Seashore,FL,SER,"['Pavement Preservation Project- Apollo District Begininng April 28th, 2025']","['Apollo Beach District will begin a Federal Highways pavement preservation project on April 28th, 2025. Visitors to the seashore should expect limited access to some parking areas and roadways to include the Visitor Center and the boat ramp.']",['Park Closure'],[[]]
ULSG,Only using alerts,ULSG,Ulysses S. Grant National Historic Site,MO,MWR,['GPS Navigation Systems'],"[""GPS navigation systems often misdirect visitors driving to Ulysses S. Grant National Historic Site. GPS systems often route visitors to our back gate, or to the entrance for Grant's Farm (not affiliated with the NPS). Please visit our directions page.""]",['Information'],[[]]
MOJA,Only using alerts,MOJA,Mojave National Preserve,CA,PWR,"['Heavy rains expected, may result in flooding and road damage', 'Use Caution on Roads with Debris', 'Rough and Damaged Roads']","['Heavy rains are expected in the afternoon and evening of Thursday September 18th, 2025. Potential effects include flash flooding, which may cause additional road damage. Unpaved roads may become unpassable due to muddy conditions.', 'Flooding has resulted in debris along Cima Road and Morning Star Road. Shoulders are washed out in some locations. Please use caution when driving and watch for road crews at work. Be aware that additional unimproved roads may be impassible due to washouts, so plan accordingly.', 'Drive slowly and exercise due caution when driving in Mojave National Preserve. Rough and damaged roads exist on both paved and unpaved roads. Watch for potholes. Aiken Mine Rd. is now 4WD only due to soft sand and mudholes. Rocks and debris on Zzyzx Rd.']","['Caution', 'Caution', 'Caution']","[[], [], []]"
PRSF,Only using alerts,PRSF,Presidio of San Francisco,CA,PWR,['Auto-Theft Warning - Only Bring What You Need to the Park'],"['You can prevent vehicle break-ins in parking lots and scenic overlooks. Before leaving your car for even a short period of time: 1) Remove all valuables, 2) Lock your doors. 3) Take your cell phones and electronics with you. Read article for more details.']",['Caution'],[[]]
CRMO,Only using alerts,CRMO,Craters of the Moon National Monument and Preserve,ID,PWR,['Navigation'],['Please do not rely upon GPS digital navigation systems to find your way to Craters of the Moon. Please note that the Visitor Center at 1266 Craters Loop Road is located just off U.S. Highway 20/26/93 and is not accessed via any unpaved roads.'],['Caution'],[[]]
FLNI,Only using alerts,FLNI,Flight 93 National Memorial,PA,NER,['Road Work Week of 9/15-9/19'],['Road crews will be working on Ring Road near the Visitor Center and at the entrance/exit to the Tower of Voices the week of September 15. Motorists are advised to use caution driving in these areas. All areas of the memorial are open and remain on schedule.'],['Information'],[[]]
FOUN,Only using alerts,FOUN,Fort Union National Monument,NM,IMR,"['Intermitent Road Work', 'New Mexico Road Advisories']","['Visitors should be aware that there is road work occurring in the park starting August 12th, and potentially continuing through September. There may be some minor delays and alternative parking arrangements.', 'The New Mexico Department of Transportation updates its map of road advisories regularly. Visitors are encouraged to look for any possible road advisories along their route of travel beforehand.']","['Information', 'Information']","[[], []]"
LIBI,Only using alerts,LIBI,Little Bighorn Battlefield National Monument,MT,IMR,['Oversized Vehicles are Unable to Park in Visitor Center Parking Lot'],"['Due to construction, oversized vehicles will not be allowed to park in the visitor center parking lot due to lack of space and ability to turn-around safely. There is oversized parking along the main park road.']",['Park Closure'],[[]]
BAND,Only using alerts,BAND,Bandelier National Monument,NM,IMR,['The Use of GPS is NOT Recommended'],['Numerous visitors have been routed to remote trailheads and out-of-the-way roads trying to use GPS to reach the main park area or shuttle stop.'],['Caution'],[[]]
ROCA,Only using alerts,ROCA,Roosevelt Campobello International Park,ME,NER,['Roosevelt Campobello International Park is located in Welshpool.'],"['Campobello Island is located in the province of New Brunswick, Canada. The physical address for the Visitor Centre is: 459 Route 774 Welshpool, New Brunswick, Canada E5E 1A4']",['Information'],[[]]
FOPO,Only using alerts,FOPO,Fort Point National Historic Site,CA,PWR,['Auto-Theft Warning - Only Bring What You Need to the Park'],"['You can prevent vehicle break-ins in parking lots and scenic overlooks. Before leaving your car for even a short period of time: 1) Remove all valuables, 2) Lock your doors. 3) Take your cell phones and electronics with you. Read article for more details.']",['Caution'],[[]]
LARO,Only using alerts,LARO,Lake Roosevelt National Recreation Area,WA,PWR,['Hawk Creek Lane Restriction at Lake Roosevelt National Recreation Area'],"['Due to undercutting action of Hawk Creek on the access road between the Hawk Creek campground and boat launch, the road will be reduced to one lane until further notice. Use caution while on this road.']",['Park Closure'],[[]]
GREE,Only using alerts,GREE,Greenbelt Park,MD,NCR,"['Perimeter Trail Closed', 'South Parking Lot of Greenbelt Park Closed to Vehicle Access']","['The section of the perimeter trail from the .8 mile marker to the 1.9 mile marker at Park Central Road is closed for repairs. This trail was closed under emergency conditions on July 22, 2025, and will remain closed until December 31, 2025, at 11:59 p.m.', 'This area will be closed to vehicle access from 12:00 a.m. May 9, 2025, and continuing until September 30, 2025, at 11:59 p.m. The area will remain available to pedestrians.']","['Park Closure', 'Park Closure']","[[], []]"
KALA,Only using alerts,KALA,Kalaupapa National Historical Park,HI,PWR,['Elevated Fire Risks - Full Closure (Vehicle and Foot Traffic) in Prone Areas'],"['Drought conditions pose risk of fire. The following areas are closed to vehicle and foot traffic until further notice: Coastal Road between lighthouse and Boom Site/Kalawao cattleguards; settlement perimeter road along fence, roads through fuel farm.']",['Park Closure'],[[]]
BEOL,Only using alerts,BEOL,Bent's Old Fort National Historic Site,CO,IMR,['A Short Walk is Required to Reach the Fort'],"[""A 1/4 mile (1,275 feet) walk on a paved trail from the parking area is required to reach the gate of the fort. At the end of your visit, you'll return to your vehicle along the same path.""]",['Information'],[[]]
PAGR,Only using alerts,PAGR,Paterson Great Falls National Historical Park,NJ,NER,"['Limited Amphitheater Accessibility', 'Overlook Parking Lot Unavailable After Dark']","['Construction vehicles are operating through the parking lot & Lower Overlook Park - use caution & be vigilant for hazards. Lower Overlook & Amphitheater access is via stairs only for construction duration.', ""The park parking lot at 72 McBride Extension is open from dawn to dusk every day. Any vehicles left in the parking lot after dusk (i.e. sunset) are subject to towing at owner's expense.""]","['Caution', 'Information']","[[], []]"
SAGU,Only using alerts,SAGU,Saguaro National Park,AZ,IMR,['Vehicle Break-Ins'],"[""Saguaro National Park is an urban park. Vehicle break-ins have occurred at trailheads around the park. Don't make yourself a target. Leave valuables at home, secure your vehicle, and report any suspicious activity.""]",['Information'],[[]]
DEPO,Only using alerts,DEPO,Devils Postpile National Monument,CA,PWR,['Reds Meadow Road Access Restrictions in 2025'],"['Reds Meadow Road is tentatively open until October 6, 2025. The road and shuttle service, which provide access to Devils Postpile, are only open Saturdays and Sundays.']",['Park Closure'],[[]]
OLYM,Only using alerts,OLYM,Olympic National Park,WA,PWR,"['South Shore Quinault Road Closed Outside of Park Boundary', 'Rialto Beach - Mora Road Repair Will Require Single-Lane Traffic, Up to 20-minute Delays']","['South Shore Road – which is maintained by Jefferson County – is closed due to a major wash-out. The Graves Creek and North Fork Trailheads and Campgrounds can be reached via N Shore Rd.', 'Starting on September 9, crews will stabilize and repair Mora Road - the road to Rialto Beach. The work will require single-lane traffic through the 0.25-mile work zone and may result in 20-minute delays.']","['Information', 'Caution']","[[], []]"
CAMO,Only using alerts,CAMO,Castle Mountains National Monument,CA,PWR,"['Heavy rains expected, may result in flooding and road damage', 'Most Monument Roads Require Heavy Duty 4WD Vehicle to Travel Safely']","['Heavy rains are expected in the afternoon and evening of Thursday September 18th, 2025. Potential effects include flash flooding, which may cause additional road damage. Unpaved roads may become unpassable due to muddy conditions.', 'Breaking down in the remote monument can be a life-threatening emergency. Most roads require a well-equipped, heavy-duty 4WD vehicle to travel. 2WD high clearance vehicles must use Walking Box Ranch Rd for entry and exit. No Visitor Facilities Available.']","['Caution', 'Caution']","[[], []]"
NISI,Only using alerts,NISI,Ninety Six National Historic Site,SC,SER,['Trail update 7/22/2025'],['Most trails are open and ready for the public. Those that remain closed are the Charleston Road/ Goudey Trail past the Cherokee Path and the portion of Cherokee Path between the stockade fort and the Charleston Road.'],['Information'],[[]]
GRTE,Only using alerts,GRTE,Grand Teton National Park,WY,IMR,['Construction work in the Taggart area'],"['Construction work is underway near Taggart Lake Trailhead to bury power lines. Pathway users should expect short delays, detours, and construction equipment in the area. The Taggart Trail bridge is under repair. Through mid-October, use the bypass along the corral road. Sept. 22–25, all hikers will be rerouted to the south segment of the Taggart Lake Loop Trail while crews remove boulders.']",['Information'],[[]]
CAVE,Only using alerts,CAVE,Carlsbad Caverns National Park,NM,IMR,"['Closures Due to Flood Damage', 'High Fire Danger']","['Some areas of the park including Walnut Canyon Desert Drive and some trails remain closed after extensive flood damage. The main park road to the visitor center and cavern is open.', 'Due to high fire danger, there are multiple closures and prohibited activities. The main park road to Carlsbad Cavern and the visitor center is open.']","['Information', 'Caution']","[[], []]"
YORK,Only using alerts,YORK,Yorktown Battlefield,VA,NER,['Rehabilitation of Colonial Parkway continues with additional Parkway closures'],"['Beginning Tuesday, April 9, 2024, construction will close the Colonial Parkway to all travel in either direction between Yorktown and VA Route 199. Follow all detour signs. See additional closure information in the link below.']",['Park Closure'],[[]]
DEWA,Only using alerts,DEWA,Delaware Water Gap National Recreation Area,PA,NER,"['Dingmans Falls Trail, Road, and Access Closed for Bridge Replacement', 'Possible Delays on Old Mine Road due to Van Campens bridge repairs']","['Dingmans Falls site is closed for a bridge replacement project and trail rehabilitation. All traffic, including pedestrian, cyclist, and vehicle traffic, is prohibited on the road and trail during construction.', 'Due to a bridge repair project over the Van Campens Brook, visitors on Old Mine Road may encounter delays over Summer 2025. The road will remain open, with single-lane traffic during working hours.']","['Park Closure', 'Information']","[[{'title': 'Dingmans Falls Road Bridge Replacement', 'id': '242DC728-7BD3-46D6-B3AD-AFF46852B76D', 'type': 'roadevent', 'url': 'https://www.nps.gov/dewa/planyourvisit/conditions.htm'}], [{'title': 'Van Campens Brook Bridge Repair Project', 'id': '0B14D270-6F2D-4D48-B947-895D7466EE9D', 'type': 'roadevent', 'url': 'https://www.nps.gov/dewa/planyourvisit/conditions.htm'}]]"
OCMU,Only using alerts,OCMU,Ocmulgee Mounds National Historical Park,GA,SER,['River Trail periodically closed under I-16'],['The section of the River Trail beneath Interstate 16 is closed during bridge construction when pedestrian safety is at risk and remains open when no significant hazards are present.'],['Caution'],[[]]
MUWO,Only using alerts,MUWO,Muir Woods National Monument,CA,PWR,"['Parking Reservations Always Required - See ""Know Before You Go"" for Details', 'Auto-Theft Warning - Only Bring What You Need to the Park']","['Reservations are required for all personal vehicles and shuttle riders at Muir Woods. You can make your reservation by visiting www.gomuirwoods.com. Visit our ""Know Before You Go"" webpage to learn more important details before your visit.', 'You can prevent vehicle break-ins in parking lots and scenic overlooks. Before leaving your car for even a short period of time: 1) Remove all valuables, 2) Lock your doors. 3) Take your cell phones and electronics with you. Read article for more details.']","['Information', 'Caution']","[[], []]"
MABI,Only using alerts,MABI,Marsh-Billings-Rockefeller National Historical Park,VT,NER,['Alternative and Limited Access During Construction at Park Entrance and Mansion'],['Visitors and vehicles will be temporarily rerouted and wheelchair access into the mansion will be unavailable during construction. Please call the visitor center for additional information if you use a mobility device or need accessible parking.'],['Information'],[[]]
BRCA,Only using alerts,BRCA,Bryce Canyon National Park,UT,IMR,['Delays on Bryce Point Road Possible - Take the Free Shuttle!'],['Short traffic delays may occur on the road to Bryce Point due to construction on the Share-Use Path. Visitors should watch for flaggers in the area. Consider using the park shuttle (free with park admission) to minimize traffic congestion.'],['Information'],[[]]
HAFO,Only using alerts,HAFO,Hagerman Fossil Beds National Monument,ID,PWR,"['Use Caution with ""Fossil Beds Information"" Signs']","['The new visitor center is located at 17970 US Hwy 30, about one mile north of downtown Hagerman and the old visitor center. Highway signs are not up-to-date.']",['Caution'],[[]]
BADL,Only using alerts,BADL,Badlands National Park,SD,MWR,['Navigation'],"['Do not rely on GPS digital navigation systems to find your way to Badlands National Park. Please note that the Visitor Center at 25216 Ben Reifel Road, Interior SD 57750 is located just off I-90.']",['Caution'],[[]]
GLAC,Only using alerts,GLAC,Glacier National Park,MT,IMR,"['Logan Pass Plumbed Bathrooms Closure', 'Going-to-the-Sun Road is Open for 2025 Season', 'Many Glacier Construction Closure']","['Due to ongoing water shortages, all plumbed bathrooms at Logan Pass have been closed. Visitors can still access 17 portable bathrooms and 5 vault toilets until the Going-to-the-Sun Road is closed for the 2025 season. No potable drinking water is available', 'The Going-to-the-Sun Road is fully open for the 2025 summer season. The road may now be accessed by motorized vehicles over Logan Pass from both the West Glacier and St. Mary Entrances.', 'Due to extremely limited parking during construction in the Swiftcurrent area, personal vehicle access into Many Glacier will be restricted from July 1-September 21, 2025. A temporary shuttle service will be provided for hikers wanting to access the area.']","['Park Closure', 'Information', 'Park Closure']","[[], [], []]"
GUIS,Only using alerts,GUIS,Gulf Islands National Seashore,"FL,MS",SER,"['Road workers on Park Road in Davis Bayou', 'U.S. Navy Blue Angels Practices']","['Phase II of the Davis Bayou Bicycle and Pedestrian Path and road resurfacing project has begun. Visitors may encounter minor traffic delays and flaggers on Park Road.', 'On Tuesdays and Wednesdays from April to October, parking lots at Fort Pickens Area fill early. Vehicles parked in non-designated spots are subject to citation and towing. When lots are full, the area will close to incoming traffic. Plan ahead.']","['Caution', 'Information']","[[], []]"
BLCA,Only using alerts,BLCA,Black Canyon of the Gunnison National Park,CO,IMR,['Park Closures Due to Wildfires'],['As of 8/29/2025: South Rim Road and visitor center have reopened; South Rim Campground and some trails remain closed. East Portal remains closed. North Rim is open. Do not enter closed or burned areas until further notice.'],['Park Closure'],[[]]
FOMR,Only using alerts,FOMR,Fort Monroe,VA,NER,['Road Closure and Fishing Pier Impact'],"['The Engineer Wharf, one of two fishing piers at Fort Monroe is temporarily closed. The Finger Pier remains open. Also closed is the section of Fenwick Road between Ingalls and the East Gate of the fort. Detour signs will aid travelers around the closure.']",['Park Closure'],[[]]
JAME,Only using alerts,JAME,Historic Jamestowne,VA,NER,['Rehabilitation of Colonial Parkway continues with additional Parkway closures'],"['Beginning Tuesday, April 9, 2024, construction will close the Colonial Parkway to all travel in either direction between Yorktown and VA Route 199. Follow all detour signs. See additional closure information in the link below.']",['Park Closure'],[[]]
CUIS,Only using alerts,CUIS,Cumberland Island National Seashore,GA,SER,"['Dungeness and Little Greyfield Beach Crossings Closed to Vehicles Due to High Water', 'Ongoing Road Repair on Main Road']","['Pedestrian traffic is still allowed. Be aware of flooding after storms at all beach crossings and use caution when accessing. Please stay on designated trails and roads.', 'Ongoing road work will be taking place throughout the Main Road on the island. Expect potentially heavier vehicle traffic and areas of uneven terrain. Please yield to construction traffic.']","['Park Closure', 'Caution']","[[], []]"
SHEN,Only using alerts,SHEN,Shenandoah National Park,VA,NER,['Parking at Boundary Access Areas'],"[""Visitors are reminded to park in designated parking areas when accessing the park via boundary trailheads. Parking in unauthorized locations may result in your vehicle being towed at the owner's expense.""]",['Caution'],[[]]
CONG,Only using alerts,CONG,Congaree National Park,SC,SER,['Boardwalk Partially Closed for Construction'],"['The lower section of the boardwalk loop is closed for construction at this time, and the Weston Lake Overlook is now open. Please click ""more"" below for a map highlighting the closed section and alternate routes.']",['Park Closure'],[[]]
THRO,Only using alerts,THRO,Theodore Roosevelt National Park,ND,MWR,"['South Unit Address for Mobile Maps – Theodore Roosevelt NP', 'Petrified Forest Trailhead Access Update: Use Approved Route', 'South Unit Road from the Old East Entrance station mile near marker 22 to mile marker 28']","['On all maps used on mobile devices, use the following address to reach the South Unit Visitor Center and Entrance Station 201 East River Road N. Medora, ND 58645', 'Directions to the Petrified Forest trailhead have changed. Please use the approved legal route from I-94, Exit 10 toward Camels Hump Lake and follow the clearly marked posts. This update helps maintain good cooperation with neighbors and respect park boundaries. For precise directions, use the link provided.', 'Due to major road repair work, the former scenic loop between the Old East Entrance Station (near mile marker 22) and mile marker 28 is closed to all traffic, including pedestrian, and bicycle access.']","['Information', 'Information', 'Caution']","[[], [], []]"
MORA,Only using alerts,MORA,Mount Rainier National Park,WA,PWR,"['Trail Closures: Shriner Peak Trail and Naches Peak Trail', 'SR 123 is closed to all through traffic from Stevens Canyon Rd to Cayuse Pass in September 2025', 'SR 165 Carbon River/Fairfax Bridge is closed: no access to Carbon River or Mowich Lake.', 'Sunrise Service Road Closure', 'Expect delays & limited parking due to construction between Nisqually and Stevens Canyon Entrances.', 'Expect long lines at entrances on weekends.']","['Access is prohibited to Naches Peak Trail as well as trailheads on SR 123 between Cayuse Pass and Stevens Canyon Road to protect public health and safety due to the vicinity of the Wildcat Fire burning outside of the park to the east.', 'Due to construction, SR 123 will be closed Sept 2 - 30 to all vehicles, pedestrians, & bicyclists from Stevens Canyon Road to Cayuse Pass / SR 410. Stevens Canyon Entrance remains open. Expect detours of 3-4 hours.', 'There is NO public access to Carbon River & Mowich Lake from SR 165. The bridge is closed to pedestrians, bicycles and vehicles and there is no alternate route.', 'Effective July 14, 2025 until further notice, the eastern portion of the Sunrise Service Road (Sunrise area), access points at Wonderland Trail, Sunrise Parking Lot and Sunrise Picnic Area. Sunrise Road and Sunrise parking area both remain open.', 'Pavement preservation work will impact all roads, pullouts, and parking areas from Nisqually Entrance to Stevens Canyon Entrance, including Longmire and Paradise. Expect limited parking availability and up to 30-min delays from 7 am - 7 pm, Mon - Fri.', 'Lengthy delays are likely at the southwest park entrance on SR706 on weekends. Check Google Maps for backup (represented by the orange/red line) at link below. Please do not block driveways or roads while in line outside the park.']","['Park Closure', 'Park Closure', 'Park Closure', 'Information', 'Information', 'Information']","[[], [{'title': 'SR123 Closure', 'id': '8A0B13EA-1E6E-4881-8C31-6778E48F721D', 'type': 'roadevent', 'url': 'https://www.nps.gov/mora/planyourvisit/conditions.htm'}], [{'title': 'SR165 Carbon River/Fairfax Bridge Closed', 'id': 'E5F3836C-7B40-4550-9650-4F50BF4CE491', 'type': 'roadevent', 'url': 'https://www.nps.gov/mora/planyourvisit/conditions.htm'}], [], [{'title': 'Expect travel delays due to pavement preservation work.', 'id': 'E42FE748-76A2-49D1-8DB8-DD61D70D3E4B', 'type': 'roadevent', 'url': 'https://www.nps.gov/mora/planyourvisit/conditions.htm'}], []]"
KAWW,Only using alerts,KAWW,Katahdin Woods and Waters National Monument,ME,NER,"['Ongoing Road Construction at Haskell Gate', 'Increased Logging Activity on Swift Brook Road', 'Katahdin Overlook Construction Closure']","['Ongoing construction between North and Haskell Gates may prevent vehicles from passing. Please be prepared to park at the North parking area. The road is passable on foot.', 'Logging trucks and other large machinery will be active on Swift Brook Road for an undetermined amount of time. Please use caution when driving. Always pull over for logging trucks, and wait until dust has cleared to continue moving.', 'The Katahdin Overlook is currently closed for construction. Visitors are not permitted in the overlook area due to construction hazards. All other locations on the Loop Road are accessible.']","['Caution', 'Caution', 'Park Closure']","[[], [], []]"
SAND,Only using alerts,SAND,Sand Creek Massacre National Historic Site,CO,IMR,['8 Miles of Unpaved Road to Reach Park'],"['In order to reach the Sand Creek Massacre Site, visitors must travel on at least 8 miles of unpaved roads. We are not able to guarantee road conditions of county roads 54 or W after spring storms.']",['Caution'],[[]]
ZION,Only using alerts,ZION,Zion National Park,UT,IMR,['Please park legally and responsibly in Zion National Park and the Town of Springdale'],"['Zion has limited parking space. Park only in designated stalls. Vehicles parked outside of designated stalls are subject to citation and may be towed. Once all designated parking stalls in Zion are full, visitors should park in Springdale.']",['Information'],[[]]
TAPR,Only using alerts,TAPR,Tallgrass Prairie National Preserve,KS,MWR,['Dangerous Highway Crossing'],"['Highway 177 is 60 mph with a blind spot directly across from the house. Safely use the highway underpass to the Fox Creek Trail just south of the visitor center parking lot. Be smart, stay alive.']",['Caution'],[[]]
ROCR,Only using alerts,ROCR,Rock Creek Park,DC,NCR,"['9/26-9/30: Temporary Closure of Multi-Use Trail, P St to Pennsylvania Ave.', 'P Street Northwest Ramp to Rock Creek and Potomac Parkway is closed']","['From Friday, Sept. 26 at 8 pm until Tuesday, Sept. 30 at 5 am, the multi-use trail between P Street NW and Pennsylvania Avenue NW will be closed for DC Water to conduct repair work. During the closure, please follow the signs which indicate a detour route.', 'The P Street Northwest Ramp to Rock Creek and Potomac Parkway is closed until further notice due to sinkholes on the ramp that may compromise the roadway. Drivers should seek alternate routes.']","['Information', 'Park Closure']","[[], []]"
CACH,Only using alerts,CACH,Canyon de Chelly National Monument,AZ,IMR,"['Route 7 from Sawmill, AZ is NOT recommended']","['Entering the park from the east at Sawmill, AZ on Route 7 is not recommended. Part of this route is UNPAVED and UNMAINTAINED. Please stay on paved roads, such as Indian Route 64 from Tsaile, AZ and Highway 191/Route 7 from Chinle, AZ.']",['Information'],[[]]
LONG,Only using alerts,LONG,Longfellow House-Washington's Headquarters National Historic Site,MA,NER,['Extended Mt. Auburn Street and Sparks Street Closure'],"['Local road closures and detours on Mount Auburn Street and Sparks Street, and a lane closure on Memorial Drive, may affect traffic and directions to the site. Please observe posted detour and traffic change signs.']",['Information'],[[]]
BITH,Only using alerts,BITH,Big Thicket National Preserve,TX,IMR,['Bridge Closure on Sunflower Road'],['Sunflower Road is closed at Big Sandy Creek for bridge replacement. Big Sandy Trail is open and accessible via Sunflower Road from Dallardsville.'],['Information'],"[[{'title': 'Bridge Closure on Sunflower Road', 'id': 'D4E70765-3401-4621-85A2-5A8F816B4426', 'type': 'roadevent', 'url': 'https://www.nps.gov/bith/planyourvisit/conditions.htm'}]]"
CATO,Only using alerts,CATO,Catoctin Mountain Park,MD,NCR,['Catoctin Mountain Park announces upcoming closures on Foxville Deerfield and Park Central roads'],"['Beginning Monday, August 11 through the end of October, portions of Foxville Deerfield and Park Central roads will be under construction. At times access will be limited or restricted. Click ""More"" for updated status and closure information.']",['Park Closure'],[[]]
KEMO,Only using alerts,KEMO,Kennesaw Mountain National Battlefield Park,GA,SER,"['Portions of Stilesboro Rd. Closed Starting on Monday, September 8, 2025']","[""Beginning on Monday, September 8, Stilesboro Rd. will be closed from Gilbert Road and Old Mountain Road to the park's Visitor Center entrance due to Cobb County utility work. The park's Visitor Center will only be accessible via Old Highway 41.""]",['Park Closure'],[[]]
EVER,Only using alerts,EVER,Everglades National Park,FL,SER,"['Pa-Hay-Okee Overlook Trail closed for replacement project until Fall 2025', 'Roadwork may cause delays on US 41/Tamiami Trail']","['The Pa-Hay-Okee boardwalk trail, tower and parking lot will be closed for a replacement project until the fall. This is to replace aging infrastructure. The road remains open as a turnaround.', ""Current roadwork is ongoing along the park's northern boundary on US Highway 41/Tamiami Trail to raise the road for Everglades Restoration benefits. Drivers may experience up to 15-minute delays and should watch for personnel, equipment and slow downs.""]","['Park Closure', 'Caution']","[[], []]"
VAFO,Only using alerts,VAFO,Valley Forge National Historical Park,PA,NER,['County Line Road Closed Monday To Friday'],"['County Line Road is closed during the week, from Monday through Friday. The closure will apply to all vehicular, pedestrian, and bicycle traffic. Please find an alternate route.']",['Information'],[[]]
ALCA,Only using alerts,ALCA,Alcatraz Island,CA,PWR,['Auto-Theft Warning - Only Bring What You Need to the Park'],"['You can help prevent vehicle break-ins in parking lots. Before leaving your car to catch the ferry: 1) Remove all valuables, 2) Lock your doors. 3) Take your cell phones and electronics with you. Read article for more details.']",['Caution'],[[]]
HALE,Only using alerts,HALE,Haleakala National Park,HI,PWR,"['Paving on Crater Road (Route 378)', 'Drive Cautiously - Endangered Birds on Roadway']","['Paving has begun on the road to the Summit District. Work will be done in sections between Mile Post 0 in Kula and Haleakalā entrance through October. Expect delays and leave extra time Monday through Friday, 8 a.m. to 5 p.m.', 'Nēnē (Hawaiian geese) and ʻuaʻu (Hawaiian petrel) are nesting in the park and may land on or frequent park roads, parking lots, and road leading up to the park. Drivers are reminded to drive at the posted speed limits and exercise caution.']","['Information', 'Information']","[[], []]"
ELMO,Only using alerts,ELMO,El Morro National Monument,NM,IMR,['Stage II Fire Restrictions'],"['Stage II Fire Restrictions are in effect beginning Thursday June 19, 2025. Due to high fire danger, El Morro is currently under Stage II Fire Restrictions. These include no campfires. No smoking except in an enclosed vehicle or other authorized area.']",['Park Closure'],[[]]
MIMI,Only using alerts,MIMI,Minuteman Missile National Historic Site,SD,MWR,['Warning about GPS Systems!'],"['Vehicle Navigation Systems and GPS units may provide inaccurate information—sending drivers the wrong way on one-way roads, leading them to dead ends in remote areas, or sending them on roads which are impassable. Use the Interstate exits for wayfinding.']",['Caution'],[[]]
IATR,Only using alerts,IATR,Ice Age National Scenic Trail,WI,MWR,['Trail Conditions'],"['Trail conditions can vary throughout the state. Before heading out, check the trail conditions, potential re-routes and closures on the Ice Age Trail Alliance website.']",['Information'],[[]]
RICH,Only using alerts,RICH,Richmond National Battlefield Park,VA,NER,"[""Drewry's Bluff Parking Update""]","['Parking lot at the Drewry’s Bluff unit is currently open and accessible to vehicles from 9:30 am to 4:30 pm. Reminder: ATVs, dirtbikes, and bicycles are prohibited on park trails. Foot traffic only is permitted beyond the parking area.']",['Information'],[[]]
PRWI,Only using alerts,PRWI,Prince William Forest Park,VA,NCR,"['Playground in Pine Grove Picnic Area Closed', 'Construction Vehicles on Scenic Drive']","['The park is improving accessibility at the playground in Pine Grove Picnic Area. During construction, until approximately the end of December 2025, the playground is closed and 10 nearby parking spaces will be used for construction vehicles only.', 'On a section of Scenic Drive near Cabin Camp 3, a culvert under the road was recently replaced. Use caution and follow posted speed limits. Be aware of construction vehicles on the roadway in this area.']","['Information', 'Caution']","[[], []]"
DENA,Only using alerts,DENA,Denali National Park and Preserve,AK,AKR,"['Road Open To: Mile 30 (Teklanika River)', 'Park Operations Altered Due to Pretty Rocks Landslide']","['The Denali Park Road is open to Mile 30, Teklanika River. Please stay alert for heavy equipment traveling on the park road.', 'Summer access to facilities and services in Denali remains altered due to the Pretty Rocks Landslide and the associated closure of the Park Road at Mile 43. Check here for more information on what to expect.']","['Information', 'Park Closure']","[[], []]"
ROMO,Only using alerts,ROMO,Rocky Mountain National Park,CO,IMR,['Trail Ridge Road has Reopened to Thru Travel'],"['Trail Ridge Road (U.S. Highway 34 inside RMNP) has reopened to thru travel. Old Fall River Road has also reopened. Because\xa0weather conditions can change rapidly at high elevations, park visitors should be prepared to adjust travel plans accordingly. For updates, call the recorded status line for Trail Ridge Road at 970-586-1222.']",['Park Closure'],[[]]
GRCA,Only using TDx feed,,,,,,,,
