id,url,title,parkCode,description,category,relatedRoadEvents,lastIndexedDate
83FCF166-F81F-4492-A1D1-3013CD2A09D3,https://www.nps.gov/grsm/planyourvisit/conditions.htm,Park Headquarters Road and part of the Gatlinburg Trail closed,grsm,"Park Headquarters Road and a portion of the Gatlinburg Trail are closed through September 2025 due to rehabilitation work on the Sugarlands water and wastewater systems. During this time, 0.6 miles of the Gatlinburg Trail remain open and accessible from the downtown Gatlinburg trailhead. There is no access to the trail from the Sugarlands Visitor Center. The full trail is expected to reopen on October 3.",Park Closure,"[{'title': 'Park Headquarters Road closed', 'id': '83FCF166-F81F-4492-A1D1-3013CD2A09D3', 'type': 'roadevent', 'url': 'https://www.nps.gov/grsm/planyourvisit/conditions.htm'}]",2025-09-30 00:00:00.0
0EBAC395-1B4F-43EE-B58B-DB07DB142E16,https://www.nps.gov/nace/learn/management/public-notice-keaq-parkinglot.htm,"Kenilworth Aquatic Gardens Parking Lot Closed until December 31, 2025",keaq,"Kenilworth Aquatic Gardens main entrance and parking lot will remain closed until December 31, 2025, at 11:59 pm. Visitors may enter through the gate at Anacostia Ave NE and Douglas St NE. Street parking is available.",Park Closure,[],2025-09-30 00:00:00.0
DEAA46AB-D403-4881-BA8D-565AF102883E,,Great Falls Entrance Road,choh,"On Tuesday, October 7, the Great Falls Entrance Road (MacArthur Blvd) will be reduced to a single lane.",Information,[],2025-09-30 00:00:00.0
208B93A1-629C-4A62-A0A8-D649CB307015,,Tower of Voices Closure 9/30/2025,flni,"The Tower of Voices is temporarily closed Tuesday, September 30 for maintenance on the access road.",Park Closure,[],2025-09-30 00:00:00.0
F29E4B87-4595-4B1F-9318-641FCDDDBCE9,,Wheeler Peak Scenic Drive Closed at Mather Overlook (6mi),grba,The Wheeler Peak Scenic Drive is Closed at Mather Overlook for seasonal winter closure as of 09/30/2025.,Park Closure,[],2025-09-30 00:00:00.0
9D047BC4-DC86-4A9D-AF1E-8299D40C6A71,https://www.nps.gov/noca/planyourvisit/road-conditions.htm,Cascade River Road Seasonal Closure,noca,Cascade River Road is closed at milepost 20 (Eldorado parking lot) three miles before the trailhead. Cascade River Road usually opens in mid-summer depending on snow and road damage. Foot and bicycle traffic is permitted beyond the gate.,Park Closure,[],2025-09-30 00:00:00.0
17B42D3F-84E4-4B78-900F-670C9D625658,,Sept. 29-Oct. 3 approved Uncrewed Aircraft System (drone) use,slbe,"Research under approved permit entitled ""Mapping dune erosion and sand transport at Sleeping Bear Dunes National Lakeshore"" will be conducted via Uncrewed Aircraft System (drone) that will be flown at the following locations: Dune Climb, Pierce Stocking Scenic Drive Overlook #9, Pyramid Point, Empire Bluff trail (boardwalk and bluff edge area).",Information,[],2025-09-29 00:00:00.0
36736D3B-B300-4DD0-B546-67C6374A7E1B,,Beach safety closure in place in northern Rodanthe,caha,"Due to the presence of threatened oceanfront structures, the beach in the village of Rodanthe, from East Point Drive south for approximately 0.15 miles to Surfside Drive, is closed.",Park Closure,[],2025-09-29 00:00:00.0
98CB65BD-C200-47D3-A9FD-B3B452B9DC5D,https://www.nps.gov/grsa/planyourvisit/medano-pass-road.htm,Medano Pass Primitive Road Impassible to Most Vehicles at Crossing Two,grsa,Erosion and deep mud near the second creek crossing are making the road impassible to most vehicles. Park road crews are repairing this section. Please check the park website here for updates before your trip.,Caution,[],2025-09-29 00:00:00.0
58E30F52-2D8A-44AE-902D-651FA61A04F4,,"Parking Closure of Fort Mason Bay Street Lot Starting October 6, 2025",goga,"Bay Street Parking Lot at upper Fort Mason will close to vehicles on October 6. Lot will be closed Fall 2025 through Fall 2026. Lot will be fenced and used as a staging area for utilities project occurring at Fort Mason. Do not park in lot after midnight on October 5, 2025. Vehicles will be towed at owner's expense.",Park Closure,"[{'title': 'Parking Closure of Fort Mason Bay Street Lot Starting October 6, 2025', 'id': '58E30F52-2D8A-44AE-902D-651FA61A04F4', 'type': 'roadevent', 'url': 'https://www.nps.gov/goga/planyourvisit/conditions.htm'}]",2025-09-29 00:00:00.0
442E4F2B-C87C-4984-8315-DA2B02F729F3,https://www.nps.gov/biso/learn/news/big-south-fork-announces-temporary-closure-of-blue-heron-tipple-bridge.htm,Big South Fork Announces Temporary Closure of Blue Heron Tipple Bridge,biso,"Big South Fork NRRA has announced the temporary closure of the historic Blue Heron Tipple Bridge, effective immediately in the interest of visitor safety. A recent bridge safety inspection conducted by the Federal Highway Administration identified structural issues specific to the pier’s bridge decking which is now leaning beyond acceptable standards.",Information,[],2025-09-29 00:00:00.0
587FA8D1-FD28-4A77-A5B8-6ED5CC62BAA0,https://www.nps.gov/biso/learn/news/access-to-big-south-fork-s-scenic-o-w-road-blocked-due-to-bridge-failure.htm,Access to Big South Fork’s Scenic O&W Road Blocked Due to Bridge Failure,biso,Road access to O&W Road was blocked by order of the State of Tennessee Department of Transportation. Pine Creek Bridge was closed by the state because it was deemed unsafe. The closed bridge is the first bridge on O&W Road after the Toomey Road intersection. The closed bridge is outside of the boundary of the Big South Fork National River & Recreation Area.,Information,[],2025-09-29 00:00:00.0
D143C837-28F0-4759-B604-8DB084276532,https://www.nps.gov/elma/planyourvisit/driving-to-big-tubes.htm,NPS 300 Road Conditions,elma,"NPS 300 to Big Tubes has not been evaluated since the most recent rainstorms. A high clearance, four-wheel drive vehicle is recommended.",Caution,[],2025-09-28 00:00:00.0
C380E82F-798C-43B7-8B19-510BB2BEDB6D,,Debris on Roadways,moja,Use caution when driving through Mojave National Preserve. All roadways have debris on them due to storms over the weekend and may be flooded.,Caution,[],2025-09-28 00:00:00.0
34716E37-18AB-400B-96D0-2DA7E0F28B40,,Road Closures,bibe,"River Road East is open from the eastern end to the Glenn Spring Road junction. Glenn Spring Road is open. The paved road between Castolon and Santa Elena Canyon (Park Route 16) is open. River Road is closed west of the Glenn Springs Road junction. Old Ore Road, Hot Springs Road, and Black Gap Road are all closed. Unpaved roads require 4-wheel drive. Your safety is your responsibility, be prepared to self-rescue.",Park Closure,[],2025-09-28 00:00:00.0
6BF7A5BC-3966-4B77-B66D-A09141E99AF6,,Use Caution Kelso Dunes Road,moja,"Flooding has resulted in damage to Kelso Dunes Road. Watch for numerous washouts with dirt, rocks, potholes, debris and sharp shoulder drop-offs. Use caution when driving and watch for road crews at work.",Caution,[],2025-09-28 00:00:00.0
DE5C4C84-FCB5-497A-8F27-117A76E9CF6D,,Temple Bar Road Down to One Lane at Several Wash Crossings,lake,Due to a storm on 9/26/25 the road was flooded at several wash crossings. The road has reopened but is down to one lane in several places. Use caution where rocks are still in the road and areas that work crews are present.,Caution,[],2025-09-27 00:00:00.0
1C39489F-72C4-47D3-A77F-36F2DAB63CE7,,Gatlinburg Bypass closed,grsm,The Gatlinburg Bypass is closed due to a landslide blocking the roadway. Park officials are currently assessing the situation.,Park Closure,"[{'title': 'Gatlinburg Bypass closed', 'id': '1C39489F-72C4-47D3-A77F-36F2DAB63CE7', 'type': 'roadevent', 'url': 'https://www.nps.gov/grsm/planyourvisit/conditions.htm'}]",2025-09-27 00:00:00.0
48D3D569-48E9-4387-A2D1-7572A7DA8CC5,,Dyer Road Closed Due to Road Construction,chch,"Road closures/construction will continue on the east section of Dyer Road, between Glenn-Kelly and LaFayette Roads, and will extend onto the west portion of Dyer Road, between Glenn-Kelly and Chickamauga-Vittetoe Roads. During the closures, all public traffic, including motorists, equestrians, pedestrians and bicyclists, is prohibited from using the closed sections.",Information,"[{'title': 'Dyer Road Closure', 'id': '48D3D569-48E9-4387-A2D1-7572A7DA8CC5', 'type': 'roadevent', 'url': 'https://www.nps.gov/chch/planyourvisit/conditions.htm'}]",2025-09-26 00:00:00.0
2EFF9BC8-6E01-4172-8D1E-6F62E325C6C4,,Kaymoor Trail closure at Wolf Creek,neri,The Kaymoor Trail will be temporarily closed from Wolf Creek parking area on Fayette Station Road approximately 1/4 mile up the hill to the bend below Long Point from Monday September 29 through Friday October 3. Contractors will be performing geotechnical drilling to identify potential safety hazards related to underground water.,Information,[],2025-09-26 00:00:00.0
D9A9DD10-3B81-4982-A6B4-584A050C5E37,https://www.nps.gov/blri/planyourvisit/road-construction-projects.htm,Ongoing Road Projects and Helene Recovery,blri,"Parkway areas closed for ongoing road maintenance, construction, and Helene recovery projects.",Park Closure,"[{'title': 'Ongoing Road Projects and Helene Recovery', 'id': 'D9A9DD10-3B81-4982-A6B4-584A050C5E37', 'type': 'roadevent', 'url': 'https://www.nps.gov/blri/planyourvisit/conditions.htm'}]",2025-09-26 00:00:00.0
9106B54E-9E68-4058-B3DE-B95AC3F22B1F,https://www.nps.gov/cany/planyourvisit/grand_view_point_construction.htm,Grand View Point Closed for Construction Weekdays July 28 through September,cany,"Grand View Point Overlook, Grand View Point Trail, and 0.3 mi (0.5 km) of park road is closed Monday to Thursday. The closure applies to all uses, including vehicles, tour buses, motorcycles, bikes, & hikers. Parking is open but limited Friday to Sunday.",Park Closure,[],2025-09-26 00:00:00.0
C43FA812-4F31-4597-AD48-B102D340F997,https://www.nps.gov/mora/planyourvisit/trails-and-backcountry-camp-conditions.htm,Naches Peak Trail Closed,mora,Access is prohibited to Naches Peak Trail to protect public health and safety due to the vicinity of the Wildcat Fire burning outside of the park to the east. Shriner Peak Trail & trailheads on SR 123 between Cayuse Pass and Stevens Canyon Road have reopened as of 9/19/25.,Park Closure,[],2025-09-26 00:00:00.0
9444532C-FB52-42F2-956C-E475C5CF73FB,,Delays on Wawona Road (continuation of Highway 41),yose,Expect delays on Wawona Road between Yosemite Valley and Wawona from Sundays at 11 pm through Fridays at 4:30 pm until approximately mid-November.,Information,"[{'title': 'Wawona Road Delays', 'id': '9444532C-FB52-42F2-956C-E475C5CF73FB', 'type': 'roadevent', 'url': 'https://www.nps.gov/yose/planyourvisit/conditions.htm'}]",2025-09-26 00:00:00.0
5E8A4127-26B7-445F-849A-0488677FD890,,"EV Chargers at Fort Mason Bay Street Lot Offline Week of September 29, 2025",goga,EV Chargers at Fort Mason Bay Street Lot will be offline during the week of September 29. Chargers are being relocated due to Bay Street Parking Lot closure.,Information,[],2025-09-26 00:00:00.0
199425EB-2593-4F31-8C69-474DED4F5FC6,,Potential delays during stone wall rehabilitation project,shen,"The stone wall that lines Skyline Drive is being rehabilitated between miles 72.8 and 75.7. There will be a single lane closure for the duration of this work, with an established work zone that will be managed by flaggers. Visitors should expect delays.",Caution,[],2025-09-25 00:00:00.0
D0CD7A77-A451-4C33-9870-03D0CF4FAB51,https://www.nps.gov/rocr/planyourvisit/scenic-driving-days.htm,"Beach Drive open for Driving Day on October 11, 2025",rocr,"On October 11, from 11 am to 4 pm, the entire length of Beach Drive in Rock Creek Park will be open for a scenic driving day for visitors who prefer to enjoy the park from their cars. Those who frequently bike or hike in these areas should plan accordingly.",Information,[],2025-09-25 00:00:00.0
6938D9EC-204E-4BCB-95D9-E4A7B998179F,,LSR Preserve Construction,grte,The Laurance S. Rockefeller Preserve parking lot and areas around the Preserve Center will be closed for construction beginning September 23. Use Death Canyon Trailhead to access Phelps Lake.,Information,[],2025-09-25 00:00:00.0
0C295297-2DE0-4ECC-AD36-9E7E0F1C3920,,Intermitent Road Work,foun,Visitors should be aware that there is road work occurring in the park starting August 12th and potentially continuing through November. There may be some minor delays and alternative parking arrangements.,Information,[],2025-09-25 00:00:00.0
56BFD278-C4DD-47E2-B538-D5B655C316D4,,Visitor Center hours changing on October 1st,sagu,"Starting October 1st, both visitor centers (Red Hills and Rincon Mountain) will revert to Winter Hours, opening at 9am and closing at 5pm. Trails remain open 24 hours a day, and the loop roads are open from dawn to dusk.",Information,[],2025-09-25 00:00:00.0
0ECC4397-6B6E-4F11-A62D-D6F30D6025AA,https://www.nps.gov/blca/learn/news/south-rim-of-black-canyon-to-open-south-rim-road.htm,Park Closures Due to Wildfires,blca,"As of 9/24/2025: South Rim Road and visitor center have reopened. East Portal Road is open. North Rim is open. South Rim Campground, East Portal Campground, and some trails remain closed. Do not enter closed or burned areas until further notice.",Park Closure,[],2025-09-24 00:00:00.0
097494CF-48B5-493A-BFE2-6CE7952EB972,https://www.nps.gov/tuin/planyourvisit/george-washington-carver-museum.htm,Visitor Pass Needed to Visit George Washington Carver Museum,tuin,"All visitors to Tuskegee University, including those visiting the George Washington Carver Museum located on campus, are required to obtain a visitor pass before entering. This policy is part of the university's safety and security procedures. Visitor passes are issued by Tuskegee University Public Safety. Stop by the Campus Public Safety building upon arrival to receive your pass at 1103 West Montgomery Road, Tuskegee, AL 36088.",Information,[],2025-09-24 00:00:00.0
DD70ECD9-3888-4DCC-9CC5-6C5D7BE668DD,,Trail update 9/24/2025,nisi,Most trails are open and ready for the public. Those that remain closed are the Charleston Road/ Goudey Trail past the Cherokee Path and the portion of Cherokee Path between the stockade fort and the Charleston Road.,Information,[],2025-09-24 00:00:00.0
93EA9483-5276-401C-A1AB-EDF6EC700CD0,,Construction work in the Taggart area,grte,"Construction work is underway near Taggart Lake Trailhead to bury power lines. Pathway users should expect short delays, detours, and construction equipment in the area. The Taggart Trail bridge is under repair. Through mid-October, use the bypass along the corral road. Sept. 22–29, all hikers will be rerouted to the south segment of the Taggart Lake Loop Trail while crews remove boulders.",Information,[],2025-09-24 00:00:00.0
D1F9402C-4017-480D-8969-B4F661CB2753,https://www.nps.gov/piro/learn/news/09-24-2025-sand-point-rd-closure.htm,Sand Point Road Closed Oct. 2 - 8,piro,"Sand Point Road will be temporarily closed to all vehicle and pedestrian traffic east of the Pictured Rocks National Lakeshore boundary from approximately Oct. 2 through Oct. 8, 2025, for a culvert replacement project. The closure may extend through Oct. 10 if additional time is needed to complete the work.",Park Closure,[],2025-09-24 00:00:00.0
C17E64D1-5BB5-44D8-8CCD-A888F3EC278C,,East Portal Road Reopened: Use Caution,cure,"During periods of rain or other precipitation, visitors are encouraged to leave East Portal promptly due to an increased risk of landslides in burned areas along East Portal Road. Please stay alert to changing weather conditions and use caution when traveling in the area.",Caution,[],2025-09-24 00:00:00.0
53C1D112-AA2F-4463-9EB3-EF16C3DFE433,,East Portal Road Reopened: Use Caution,blca,"During periods of rain or other precipitation, visitors are encouraged to leave East Portal promptly due to an increased risk of landslides in burned areas along East Portal Road. Please stay alert to changing weather conditions and use caution when traveling in the area.",Caution,[],2025-09-24 00:00:00.0
7291B9AA-F7FA-4C5D-AD9A-A263C4381EEB,,49 Palms Closed Due to Storm Damage,jotr,The trail will remain closed until November 7 while trail and road crews remove debris and ensure the trail is safe for visitor use,Park Closure,[],2025-09-24 00:00:00.0
800234DB-9C92-434E-B583-3CC8DEF65B5A,https://www.nps.gov/deva/planyourvisit/conditions.htm,Many Roads Closed due to Flooding,deva,"Badwater Road, North Highway, and some other roads are still closed due to damage by flash floods on 9/19/2025. Click ""More"" for a full list of closures.",Park Closure,[],2025-09-22 00:00:00.0
24C18EF8-175C-4102-8F5E-8C6AF2EC0363,,Elk Creek Visitor Center temporary closure,cure,"The Elk Creek Visitor Center will be closed from September 21 to October 1 for installation of new exhibits. During winter hours, staff will be present in the visitor center parking lot while installation is in progress.",Information,[],2025-09-22 00:00:00.0
FF358624-59A9-4291-8ACD-59559EA6FBF3,,"Tree Thinning Project Will Cause Short Delays Starting September 28, 2025",wica,"Expect one-way traffic with short delays along Highways 87 and 385 while contractors remove pine saplings to improve visibility and safety along roadways. A pilot car will lead vehicles through the project area. The project begins on Sunday, September 28, and continues until complete.",Caution,[],2025-09-22 00:00:00.0
6FE6DB73-27AC-4609-BB0E-7FB03C1240B0,,9/19/2025 China Bend Reopened,laro,"Effective immediately, China Bend boat launch and parking lot are open to the public.",Information,[],2025-09-22 00:00:00.0
DF381D66-D1B0-4097-AA24-E18AEF4D0CD2,https://www.nps.gov/elma/planyourvisit/el-calderon-trail-closed.htm,"El Calderon Trail closed for construction August 11, 2025 through May 2026",elma,"The El Calderon Trail and parking area are closed from August 11, 2025, through late May 2026 for a major improvement project. NPS Road 100 will remain open for local traffic only, and the Continental Divide Trail will remain open for CDT thru-hikers.",Park Closure,[],2025-09-21 00:00:00.0
5541A600-5CAD-4CB4-A17D-6EEDCE161C59,https://www.nps.gov/nace/learn/management/public-notice-0812.htm,Public Access Closure around USPP Facilities & National Capital Parks - East Headquarters,nace,"Extension of temporary closure prohibiting the public from entering the area around the USPP Anacostia Operations Facility, USPP Aviation Facility, and National Capital Parks – East Headquarters through 11:59 pm Wednesday, December 31, 2025. Access through Aviation Drive SE entrances and the metro access gate into Anacostia Park will be closed.",Park Closure,[],2025-09-21 00:00:00.0
6D4A0356-53A4-4F41-9A5D-261C971A777B,https://www.nps.gov/nace/learn/management/public-notice-0812.htm,Public Access Closure around USPP Facilities & National Capital Parks - East Headquarters,anac,"Extension of temporary closure prohibiting the public from entering the area around the USPP Anacostia Operations Facility, USPP Aviation Facility, and National Capital Parks – East Headquarters through 11:59 pm Wednesday, December 31, 2025. Access through Aviation Drive SE entrances and the metro access gate into Anacostia Park will be closed.",Park Closure,[],2025-09-21 00:00:00.0
2DB8D95A-64F3-436F-A3C4-D1DF7918B30E,https://www.nps.gov/nace/learn/management/greenbelt-south-parking-lot.htm,South Parking Lot of Greenbelt Park Closed to Vehicle Access,gree,"The south parking lot of Greenbelt Park will be closed to vehicle access until December 31, 2025, at 11:59 p.m. The area will remain available to pedestrians.",Park Closure,[],2025-09-21 00:00:00.0
4B90ADC8-4E9F-4E63-84E8-1D3AA9A30751,,Pavement Preservation Project- Playalina District Beginning 9/22/25,cana,"Playalinda Beach District will begin a Federal Highways pavement preservation project on Sept. 22nd, 2025. Visitors to the seashore should expect limited access to some parking areas and roadways to include the vistas",Park Closure,[],2025-09-21 00:00:00.0
2397FFE0-9476-48E8-AFCB-88B3EF38F48C,,West and East Border Roads closed for public safety,orpi,All border roads remain closed (the dirt roads directly along the border and all crossover roads leading from South Puerto Blanco Drive to the border) to all public vehicle and pedestrian traffic for public safety. South Puerto Blanco Drive remains open.,Park Closure,[],2025-09-19 00:00:00.0
AD3D112D-B665-4A11-A077-3EDAA1746882,https://www.nps.gov/para/planyourvisit/4x4-vehicles-and-off-pavement-travel-safety.htm,Looking for a Grand Canyon view? A warning about mobile devices and map/navigation apps,para,"Map apps may direct you to Parashant if you search for directions to ""Grand Canyon"" due the canyon's name in both the national park and monument names. The national park has paved roads and services. Parashant has no services and rugged/remote conditions.",Information,[],2025-09-19 00:00:00.0
29A996D9-BA1C-4E1D-A683-B8B07B5A0347,https://www.nps.gov/moja/road-conditions.htm,Use caution on Cima Road,moja,Use caution on Cima Road due to shoulder washouts.,Caution,[],2025-09-19 00:00:00.0
017649C1-EDDD-4B96-B85A-E24CDC8B3054,https://www.nps.gov/moja/road-conditions.htm,Rough and damaged roads,moja,Drive slowly and exercise due caution when driving in Mojave National Preserve. Rough and damaged roads exist on both paved and unpaved roads. Watch for potholes.,Caution,[],2025-09-19 00:00:00.0
BF245860-8AC2-4B22-9E9D-9B8BE86F158D,https://venturerichmond.com/our-events/2nd-street-festival/,2nd Street Festival,mawa,"The 2nd Street Festival, Oct. 4-5, 2025, will result in numerous road closures around the site, some starting as early as Friday, October 3. We will staff a tent at 2nd and Leigh St. and offer open house tours from 2-4 p.m. both days of the festival. See event website for more information",Information,[],2025-09-19 00:00:00.0
3873EBBF-7F1F-4F42-BF76-F4CE91809C48,,Use caution on Essex and Black Canyon Roads,moja,"Flooding has resulted in damage to Essex and Black Canyon roads. Watch for numerous washouts with dirt, rocks, and debris. Use caution when driving and watch for road crews at work.",Caution,[],2025-09-19 00:00:00.0
4B919AD6-BB5F-4BF5-8676-F7DA0D12DCCA,,Unpaved roads muddy after rainstorm,moja,Unpaved roads may be impassible due to mud and/or washouts. Have a backup plan.,Caution,[],2025-09-19 00:00:00.0
5CE29352-1A18-4558-A274-68BAA80C9770,,Loop Road Closure - 9/16 to 9/18,chcu,"Due to construction work on the loop road, the following closures are in effect: Tue-Thu, 9/16-9/18, the loop road will be closed from the entrance to Pueblo Bonito. Casa Rinconada, Pueblo del Arroyo, and Pueblo Bonito will be the ONLY areas available to visit via pilot car. Hungo Pavi and the north side of the road will remain closed. Please follow instructions from flaggers while visiting to stay safe.",Park Closure,[],2025-09-18 00:00:00.0
E71075A9-7B49-41E9-9245-C97CF151772A,https://www.nps.gov/vick/planyourvisit/illinois-memorial-restoration.htm,Illinois Memorial Closed for Restoration,vick,"The memorial itself is closed for restoration starting on September 16, 2025. The parking area is partially closed. Parking spaces are open to allow access to Tour Stop 2/Shirley House. Tour Stop 3/3rd Louisiana Redan is open. The Tour Road is open.",Park Closure,[],2025-09-18 00:00:00.0
70B82CA0-42C9-40C8-ADB5-1D110B8A04F8,,South Unit Address for Mobile Maps – Theodore Roosevelt NP,thro,"On all maps used on mobile devices, use the following address to reach the South Unit Visitor Center and Entrance Station 201 East River Road N. Medora, ND 58645",Information,[],2025-09-18 00:00:00.0
0C9EC368-60E9-4AE9-8AEA-B52468ADCDB9,,Valley Road Emergency Camping Closure,katm,"A bear obtained food on the road to the Valley of 10,000 Smokes by opening an improperly secured food canister. The first two miles of the road is closed to camping.",Information,[],2025-09-18 00:00:00.0
F0C89E83-4FEA-43CC-A3CF-4C99879A6E63,,"Winter Hours Begin on October 1, 2025: 8:00 AM to 4:00 PM",libi,"Little Bighorn Battlefield will be moving to our winter hours beginning October 1st. All available facilities will be open at 8:00 AM. The Tour Road, Last Stand Hill, and Reno-Benteen area will close at 3:30 PM. The contact station, bookstore, and national cemetery will close at 4:00 PM.",Information,[],2025-09-18 00:00:00.0
33CE64A8-2C81-4D76-B143-EEFFD667D657,https://www.sfpuc.gov/construction-contracts/construction-projects/seacliffpumps,"China Beach Parking Lot Closed for City-Managed Project Through October 3, 2025",goga,San Francisco Public Utilities Commission has closed Sea Cliff Ave and the China Beach parking lot for sewer system upgrades. Pedestrian access will be kept open but visitors to the beach will not be able to park in the lot. See link below for details.,Park Closure,"[{'title': 'China Beach Parking Lot Closed for City-Managed Project Through 10/3/25', 'id': '33CE64A8-2C81-4D76-B143-EEFFD667D657', 'type': 'roadevent', 'url': 'https://www.nps.gov/goga/planyourvisit/conditions.htm'}]",2025-09-18 00:00:00.0
242DC728-7BD3-46D6-B3AD-AFF46852B76D,https://www.facebook.com/share/p/1HZoom3uMr/,"Dingmans Falls Trail, Road, and Access Closed for Bridge Replacement",dewa,"Dingmans Falls site is closed for a bridge replacement project and trail rehabilitation. All traffic, including pedestrian, cyclist, and vehicle traffic, is prohibited on the road and trail during construction.",Park Closure,"[{'title': 'Dingmans Falls Road Bridge Replacement', 'id': '242DC728-7BD3-46D6-B3AD-AFF46852B76D', 'type': 'roadevent', 'url': 'https://www.nps.gov/dewa/planyourvisit/conditions.htm'}]",2025-09-17 00:00:00.0
92DFEDDC-9091-44BA-9C49-4240D319B8C4,,Fort Donelson NB Park Fall Hours,fodo,Visitor Access to Fort Donelson NB Park Lands: Pedestrian Access is from sunrise to sunset. Automobile Access to Fort Donelson NB Park Roads 8:00 am – 6:00 p.m. daily.,Information,[],2025-09-14 00:00:00.0
4D18B12B-E625-4D7C-825A-C779A6EACCA5,https://www.co.jefferson.wa.us/CivicAlerts.aspx?AID=1478,South Shore Quinault Road Closed Outside of Park Boundary,olym,South Shore Road – which is maintained by Jefferson County – is closed due to a major wash-out. The Graves Creek and North Fork Trailheads and Campgrounds can be reached via N Shore Rd.,Information,[],2025-09-13 00:00:00.0
08FD4C32-0851-4EFD-811E-FF9740E965FB,https://www.nps.gov/dena/planyourvisit/shoulder-season.htm,Road Open To: Mile 30 (Teklanika River),dena,"The Denali Park Road is open to Mile 30, Teklanika River. Please stay alert for heavy equipment traveling on the park road.",Information,[],2025-09-12 00:00:00.0
F5ED1868-7AAB-4BB5-AB7F-5198A5B9B747,,New Park Hours,puhe,"Starting October 5, 2025, the new hours of operation at Puʻukoholā Heiau National Historic Site will be 8:30am –4:30pm. The parking lot gate will close at 4:00pm.",Information,[],2025-09-11 00:00:00.0
7DEB7CE1-F94B-4A57-BC28-889CAE174A54,https://www.nps.gov/seki/planyourvisit/road-construction.htm,Mineral King Road Experiencing Construction Closures and Delays Except on Sundays,seki,"A portion of Mineral King Road inside Sequoia National Park is under construction. There is a mixture of up-to-30-minute delays and closures from 7 am to 7 pm Monday through Saturday. No delays or closures on Sundays or holidays. Click ""more"" for details:",Park Closure,"[{'title': 'Mineral King Road Construction', 'id': '7DEB7CE1-F94B-4A57-BC28-889CAE174A54', 'type': 'roadevent', 'url': 'https://www.nps.gov/seki/planyourvisit/conditions.htm'}]",2025-09-11 00:00:00.0
EF614A2C-8A9A-4188-AED2-768723DD55A3,https://www.nps.gov/seki/planyourvisit/road-conditions.htm,A Few Small Roads Closed Due to Roadway Damage,seki,"These roads are closed due to roadway damage during past storm events and/or repairs to roadway damage: Middle Fork Rd, Redwood Canyon Rd, South Fork Rd, Crystal Cave Rd",Park Closure,"[{'title': 'Road Closures Related to Road Damage From and/or Repairs Of Past Storm Events', 'id': 'EF614A2C-8A9A-4188-AED2-768723DD55A3', 'type': 'roadevent', 'url': 'https://www.nps.gov/seki/planyourvisit/conditions.htm'}]",2025-09-11 00:00:00.0
A79675F3-3319-4234-9D68-5C3A6235E47D,,Increased Logging Activity on Swift Brook Road,kaww,"Logging trucks and other large machinery will be active on Swift Brook Road for an undetermined amount of time. Please use caution when driving. Always pull over for logging trucks, and wait until dust has cleared to continue moving.",Caution,[],2025-09-11 00:00:00.0
82CEFAEC-8FEF-4A9F-AE73-6B010CE1AC6B,https://www.nps.gov/cato/planyourvisit/foxfield-deerfield-and-park-central-road-work-2025.htm,Catoctin Mountain Park announces upcoming closures on Foxville Deerfield and Park Central roads,cato,"Beginning Monday, August 11 through the end of October, portions of Foxville Deerfield and Park Central roads will be under construction. At times access will be limited or restricted. Click ""More"" for updated status and closure information.",Park Closure,[],2025-09-11 00:00:00.0
D92DD8F9-0926-4D69-862F-AADA89A1C965,,Katahdin Overlook Construction Closure,kaww,The Katahdin Overlook is currently closed for construction. Visitors are not permitted in the overlook area due to construction hazards. All other locations on the Loop Road are accessible.,Park Closure,[],2025-09-11 00:00:00.0
2B0445F7-FB1E-43C4-83D0-325C60CEE428,,Temporary Closure of the Beaver Jim Villines' Boyhood Home,buff,"Beginning September 11, 2025, a temporary closure will be established for the Beaver Jim Villines' Boyhood Home to include the parking area along Highway 43. This area is across from the Ponca Access Road. The closure will remain in effect through October 10 to allow for construction at the site.",Park Closure,[],2025-09-10 00:00:00.0
E168ABFB-782F-41E2-949C-232B58C1582E,https://www.fs.usda.gov/r05/inyo/projects/reds-meadow-road-reconstruction,Reds Meadow Road Access Restrictions in 2025,depo,"Reds Meadow Road is tentatively open until October 6, 2025. The road and shuttle service, which provide access to Devils Postpile, are only open Saturdays and Sundays.",Park Closure,[],2025-09-09 15:38:11.0
D60C3159-C907-474C-8529-FAB572F7D37F,,Federal Highways Contractors will be mobilizing in the park on 9/10/2025 for two weeks.,petr,"Watch for construction crews, equipment, and changing traffic patterns. Obey posted signage and flagger instructions.  Reduced speed limits will be in effect near active work zones. Drive cautiously to protect workers and yourself. ",Caution,[],2025-09-09 12:12:46.0
33F4F5BA-C2E7-4DE8-AE24-BC549BF2D715,https://www.nps.gov/olym/learn/news/mora-road-repair-will-require-single-lane-traffic-starting-on-september-9.htm,"Rialto Beach - Mora Road Repair Will Require Single-Lane Traffic, Up to 20-minute Delays",olym,"Starting on September 9, crews will stabilize and repair Mora Road - the road to Rialto Beach. The work will require single-lane traffic through the 0.25-mile work zone and may result in 20-minute delays.",Caution,[],2025-09-08 18:51:45.0
8A5D7467-9F35-4FB8-A035-AE9DA6039BA9,https://www.nps.gov/dino/learn/news/quarryexhibithallfall2025closure.htm,Quarry Exhibit Hall Temporary Closure - September 8 through late October,dino,"The Quarry Exhibit Hall ""Wall of Bones"" is temporarily closed from September 8, 2025, to late October 2025 for a major road, parking lot, and sidewalk construction project. There will be no visitor access to the fossils in the quarry when closed.",Park Closure,[],2025-09-08 13:46:44.0
8A0B13EA-1E6E-4881-8C31-6778E48F721D,https://www.nps.gov/mora/planyourvisit/park-construction.htm#SR-123-Closure,SR 123 is closed to all through traffic from Stevens Canyon Rd to Cayuse Pass in September 2025,mora,"Due to construction, SR 123 will be closed Sept 2 - 30 to all vehicles, pedestrians, & bicyclists from Stevens Canyon Road to Cayuse Pass / SR 410. Stevens Canyon Entrance remains open. Expect detours of 3-4 hours.",Park Closure,"[{'title': 'SR123 Closure', 'id': '8A0B13EA-1E6E-4881-8C31-6778E48F721D', 'type': 'roadevent', 'url': 'https://www.nps.gov/mora/planyourvisit/conditions.htm'}]",2025-09-07 16:37:14.0
22883896-50D9-496D-8AF5-6184DE3BA8F7,https://www.nps.gov/neri/learn/news/winter-closure-of-new-river-gorge-npp-s-cunard-road-for-improvements.htm,Cunard Road delays,neri,Cunard Road is open. There is a section of one lane road with a traffic light. Expect delays of 3 to 5 minutes to get by this area.,Information,[],2025-09-05 16:10:24.0
A9F67667-A5EB-47FE-9D06-62AA5CAE6C4C,https://www.nps.gov/petr/planyourvisit/directions.htm,"Attention Visitors, Cab drivers, Uber drivers, and transportation service drivers",petr,"DO NOT drop off your passengers at the visitor center. No trail access. Visitors must be driven to a trail system from the visitor center. If passengers want to go to the visitor center, WAIT FOR THEM in the parking lot until they come back out.",Information,[],2025-09-05 12:54:03.0
2447DCCC-35CB-487A-9E1D-ABD719B80885,,Road Construction Continues on a Section of Brotherton Road in Chickamauga Battlefield,chch,"The Brotherton Road closure, between Alexander's Bridge and LaFayette Roads, remains in effect as rehabilitation continues. During the closure, all public traffic is prohibited from using the closed section.",Information,"[{'title': 'Closure of a Section of Brotherton Road in Chickamauga Battlefield', 'id': '2447DCCC-35CB-487A-9E1D-ABD719B80885', 'type': 'roadevent', 'url': 'https://www.nps.gov/chch/planyourvisit/conditions.htm'}]",2025-09-05 10:56:54.0
4F7206D9-5DC4-4248-96A7-0E7AE6236040,https://www.ccmwa.org/construction-projects,"Portions of Stilesboro Rd. Closed Starting on Monday, September 8, 2025",kemo,"Beginning on Monday, September 8, Stilesboro Rd. will be closed from Gilbert Road and Old Mountain Road to the park's Visitor Center entrance due to Cobb County utility work. The park's Visitor Center will only be accessible via Old Highway 41.",Park Closure,[],2025-09-04 16:19:49.0
B56AF7E8-9DED-4AD1-BD2D-5941656D8FE8,,Dungeness and Little Greyfield Beach Crossings Closed to Vehicles Due to High Water,cuis,Pedestrian traffic is still allowed. Be aware of flooding after storms at all beach crossings and use caution when accessing. Please stay on designated trails and roads.,Park Closure,[],2025-09-04 15:01:23.0
E76D093C-BA71-4A21-9135-49DB27F09689,,Fire Danger VERY HIGH,pinn,Wood-burning fires and charcoal grills are prohibited. Propane and gas stoves allowed only in campground and picnic areas. No smoking on trail. No roadside parking. Fireworks are always prohibited.,Caution,[],2025-09-04 14:44:55.0
11F13595-AA78-4C1D-A543-647D365AF447,,Logan Pass Plumbed Bathrooms Closure,glac,"Due to ongoing water shortages, all plumbed bathrooms at Logan Pass have been closed. Visitors can still access 17 portable bathrooms and 5 vault toilets until the Going-to-the-Sun Road is closed for the 2025 season. No potable drinking water is available",Park Closure,[],2025-09-02 11:30:42.0
0405E7D3-415A-4822-B29E-DA72AA7E1304,https://www.nps.gov/rocr/planyourvisit/conditions.htm,P Street Northwest Ramp to Rock Creek and Potomac Parkway is closed,rocr,The P Street Northwest Ramp to Rock Creek and Potomac Parkway is closed until further notice due to sinkholes on the ramp that may compromise the roadway. Drivers should seek alternate routes.,Park Closure,[],2025-08-28 15:27:40.0
AB1C8AA3-6423-497C-9E8B-85CFC6D58C8E,https://www.nps.gov/chir/planyourvisit/scenic-drive.htm,Vehicle Length & Trailer Restrictions,chir,No large vehicle turnaround after Faraway Ranch Parking (1 mile after entrance). Vehicles over 29 feet park at Faraway. Disconnect trailers at Faraway. Trailers with campground reservations proceed to camp. Scenic drive = 24 ft limit and no trailers.,Information,[],2025-08-28 14:13:31.0
29E544A6-CA95-495A-B046-0F57FAF9556C,https://www.nps.gov/mora/learn/management/index.htm#regulation-changes,Sunrise Service Road Closure,mora,"Effective July 14, 2025 until further notice, the eastern portion of the Sunrise Service Road (Sunrise area), access points at Wonderland Trail, Sunrise Parking Lot and Sunrise Picnic Area. Sunrise Road and Sunrise parking area both remain open.",Information,[],2025-08-27 17:44:21.0
300AC8FA-4038-4140-995D-A289AE9A5488,,Picnic Area Closed Periodically,fone,"The road up to the picnic area and picnic area may be temporarily closed. Please be careful if going there. Please use caution when hiking near the closed areas. Please report any trees that you find down, and do not climb over or under fallen trees",Caution,[],2025-08-24 14:10:02.0
0837CE1A-B3D8-451B-AD13-079267D218A4,,Tour Road Closed South of Route 36 at the Eastern Front,pete,The Tour Road south of Route 36 is closed to vehicles at the Eastern Front. Scheduled maintenance begins. Walkers and bicyclists must follow signs for detours around construction areas.,Park Closure,[],2025-08-19 10:00:11.0
7DF5FB93-C5C1-41B0-86F7-A288D2B1DA93,https://www.nps.gov/nace/learn/management/public-notice-greenbelt-trail.htm,Perimeter Trail Closed,gree,"The section of the perimeter trail from the .8 mile marker to the 1.9 mile marker at Park Central Road is closed for repairs. This trail was closed under emergency conditions on July 22, 2025, and will remain closed until December 31, 2025, at 11:59 p.m.",Park Closure,[],2025-08-16 12:16:46.0
6B5FC054-7516-40C6-845C-0CA884C7B3F2,,Officer's Spring Restoration Project: Depot Trail Altered or Closed,cane,The NPS is starting the Officer's Spring Restoration Project. The Depot Trail which runs from the parking lot down through the Officer's Spring may be closed or altered. Please stay alert of signage announcing closures.,Caution,[],2025-08-13 10:54:51.0
7639AF38-6B45-417B-ABC5-2B079EB14929,https://gaptrail.org/trail-alert/closure-between-rockwood-and-markleton/,"Great Allegheny Passage Closure between Rockwood and Markleton, Pennsylvania",pohe,Somerset County has closed a segment of the Great Allegheny Passage between Rockwood (mile marker 43.8) and the parking lot at Markleton (mile marker 50.0) due to an active landslide triggered by recent heavy rain and high winds. Conditions are unstable.,Danger,[],2025-08-13 08:50:22.0
38D54E2D-AA69-48FA-95FB-AD302D729A45,,Trail CLOSED Between Visitor Center and Montville Trailhead,grsa,The access train that leads from the visitor center to the Montville and Mosca Pass Trails is CLOSED due to construction. Hikers may start at the Montville Trail parking lot. Visitor Center access remains open.,Information,[],2025-08-11 18:10:23.0
4681C183-7A9A-4E56-9024-09E8C08ED2F1,,Trail Restrooms Closed,grfa,Restrooms located at the North intersection of Old Carriage Road Trail and Matildaville Trail are closed due a water leak. There are portable toilets available at this location. Restrooms located at the Visitor Center are open between 9-5.,Park Closure,[],2025-08-10 10:59:08.0
5E559E5D-94CA-4B66-9607-4BF6930717F8,,Limited Amphitheater Accessibility,pagr,Construction vehicles are operating through the parking lot & Lower Overlook Park - use caution & be vigilant for hazards. Lower Overlook & Amphitheater access is via stairs only for construction duration.,Caution,[],2025-08-09 16:29:11.0
85B515D1-B1FB-4E8E-8FAC-24E1589336AB,https://www.nps.gov/articles/plan-like-a-park-ranger-top-10-tips-for-visiting-canyonlands.htm,Expect Long Lines at Island in the Sky Entrance,cany,"Between March and November, particularly on busy holiday weekends, you may experience long lines at the entrance road. Parking lots at popular trailheads and viewpoints will fill early. Pack your patience and arrive early to avoid crowds.",Information,[],2025-08-05 18:03:32.0
9D7BE158-F902-4F33-A87B-B635EDDE8113,,Hilina Pali and Mauna Loa Road Closed to Vehicles,havo,Hilina Pali Road (at Mauna Iki Trail) and Mauna Loa Road (at Kīpukapuaulu) are temporarily closed to vehicles due to high fire danger; hiking and bicycling are permitted,Park Closure,[],2025-08-04 18:54:38.0
EDE91F4C-1155-4BF9-BEA4-2A00D9D15E7F,,Paving on Crater Road (Route 378),hale,"Paving has begun on the road to the Summit District. Work will be done in sections between Mile Post 0 in Kula and Haleakalā entrance through October. Expect delays and leave extra time Monday through Friday, 8 a.m. to 5 p.m.",Information,[],2025-07-31 20:43:59.0
3906A099-0EC7-446E-8009-AF63FF793439,,Peavine Road Closed,ozar,Peavine Road near Big Spring will be closed for paving beginning 7/28 at noon and will remain closed for several weeks. Please use Highway 103 to reach all destinations in the Big Spring area.,Park Closure,[],2025-07-27 12:58:36.0
9CEBB013-E065-4991-9B4F-8999791EBD1B,https://www.nps.gov/guis/learn/news/gulf-islands-begins-construction-on-davis-bayou-bike-pedestrian-path-phase-2.htm,Road workers on Park Road in Davis Bayou,guis,Phase II of the Davis Bayou Bicycle and Pedestrian Path and road resurfacing project has begun. Visitors may encounter minor traffic delays and flaggers on Park Road.,Caution,[],2025-07-25 15:19:56.0
D2969A67-477B-4714-866E-CBE0137C98C7,,Delays on Bryce Point Road Possible - Take the Free Shuttle!,brca,Short traffic delays may occur on the road to Bryce Point due to construction on the Share-Use Path. Visitors should watch for flaggers in the area. Consider using the park shuttle (free with park admission) to minimize traffic congestion.,Information,[],2025-07-23 16:41:58.0
AC788DCA-8BCA-474B-8094-9230ABFD6D17,,Temporary Location - Selma Welcome Center,semo,"Due to the closure of the Selma Interpretive Center, the Selma Welcome Center at 14 Broad Street has trail staff to provide visitor information services.",Information,[],2025-07-23 10:42:00.0
D4E70765-3401-4621-85A2-5A8F816B4426,,Bridge Closure on Sunflower Road,bith,Sunflower Road is closed at Big Sandy Creek for bridge replacement. Big Sandy Trail is open and accessible via Sunflower Road from Dallardsville.,Information,"[{'title': 'Bridge Closure on Sunflower Road', 'id': 'D4E70765-3401-4621-85A2-5A8F816B4426', 'type': 'roadevent', 'url': 'https://www.nps.gov/bith/planyourvisit/conditions.htm'}]",2025-07-22 12:01:55.0
14BFEC5E-5440-49CB-8A95-4E24B9517640,,Ongoing Road Repair on Main Road,cuis,Ongoing road work will be taking place throughout the Main Road on the island. Expect potentially heavier vehicle traffic and areas of uneven terrain. Please yield to construction traffic.,Caution,[],2025-07-22 11:54:02.0
56514FAE-9B63-4D54-A6AA-06DAB5F54DF5,https://www.cambridgema.gov/Departments/transportation/News/2025/07/2025mtauburnstreetclosures,Extended Mt. Auburn Street and Sparks Street Closure,long,"Local road closures and detours on Mount Auburn Street and Sparks Street, and a lane closure on Memorial Drive, may affect traffic and directions to the site. Please observe posted detour and traffic change signs.",Information,[],2025-07-21 13:50:41.0
6152C915-B21E-4909-BF55-900559ED106F,,Temporary Visitor Center open 9am to 5pm daily,whis,"To complete an interior renovation construction project, the Visitor Center has been temporarily moved to the opposite end of the Visitor Center parking lot. The temporary Visitor Center is in a wheelchair accessible trailer.",Information,[],2025-07-14 19:47:13.0
A0E20045-894B-49A9-B37E-6CBF57DABD01,,Construction Vehicles on Scenic Drive,prwi,"On a section of Scenic Drive near Cabin Camp 3, a culvert under the road was recently replaced. Use caution and follow posted speed limits. Be aware of construction vehicles on the roadway in this area.",Caution,[],2025-07-13 16:29:40.0
92EB7613-E66E-4162-80EE-EE45AD4EB4F1,,Drewry's Bluff Parking Update,rich,"Parking lot at the Drewry’s Bluff unit is currently open and accessible to vehicles from 9:30 am to 4:30 pm. Reminder: ATVs, dirtbikes, and bicycles are prohibited on park trails. Foot traffic only is permitted beyond the parking area.",Information,[],2025-07-11 13:17:57.0
A4F9CC2A-6359-4A8D-A204-D9929A7F0619,,7/07/2025 - Single Lane Closures from MP 354.3-363.7,natr,"Single lane closures will occur in Wayne County, TN from mileposts 354.3 to 363.7. Flaggers will be on the roadways to help direct traffic.",Caution,"[{'title': 'Single Lane Closure', 'id': 'A4F9CC2A-6359-4A8D-A204-D9929A7F0619', 'type': 'roadevent', 'url': 'https://www.nps.gov/natr/planyourvisit/conditions.htm'}]",2025-07-07 10:32:52.0
D800B73B-7296-4F62-B9A2-5A7E3B32CED3,,Expect large crowds and high traffic volume on weekends,hafe,Big crowds and high traffic volume may cause the main parking lot on Shoreline Drive to fill and close for short periods of time. Check park social media channels for the latest updates.,Caution,[],2025-07-03 13:48:53.0
C7DB457F-58CA-4C25-B7F4-17FA3FF53AD1,https://www.nps.gov/grsm/planyourvisit/conditions.htm,Old NC 284 is closed from Cataloochee Creek to Cataloochee Valley,grsm,"Old NC 284 is open from Big Creek to Cataloochee creek, however there is no access to Cataloochee Valley due to road damage.",Park Closure,"[{'title': 'Old 284 closed to all traffic near Cataloochee', 'id': 'C7DB457F-58CA-4C25-B7F4-17FA3FF53AD1', 'type': 'roadevent', 'url': 'https://www.nps.gov/grsm/planyourvisit/conditions.htm'}]",2025-07-02 14:00:50.0
3E94101E-4272-4714-8027-52EC1DB3BFAE,https://www.nps.gov/vafo/planyourvisit/conditions.htm#river-trail,Trail Maintenance Work on Fatlands and Chapel Trails in 2025,vafo,"Ongoing maintenance work on Fatland Trail (formerly River Trail) between Betzwood and parking lot on Pawlings Rd and on Chapel Trail west of Chapel, taking place in 2025. Trails remain open. Trail users should use extra caution and follow safety warnings",Caution,[],2025-07-02 10:21:26.0
C46770CD-561E-4BD8-A497-3883552F1FC1,,South Beach Restrooms Closed,pore,"The restrooms at South Beach are closed until further notice. The closest restrooms are at North Beach or Drakes Beach. Vault toilets are available at the Estero Trailhead, Chimney Rock, and Lighthouse parking lots.",Information,[],2025-07-01 20:47:24.0
BDC3F51A-2067-4BBE-8BA7-B9F9C4CC8B51,,Summer road work in area and monument,cavo,Chipseal work has begun on NM325 which may delay access to Capulin through mid-July. Volcano Road chipseal begins September 15th. Watch for fresh tar and loose gravel as well as construction vehicles and workers.,Caution,[],2025-06-26 11:24:26.0
DC3CE7A7-C1D9-4DC5-AA50-98E6C2A34993,https://www.nps.gov/wefa/planyourvisit/maps.htm,No Recreational Vehicle (RV) Parking,wefa,Our parking lot cannot accommodate RVs or trailers. Check out our FAQs page or follow the link for a map to a nearby lot for parking and trailers to detach. RVs should NOT pull into the parking lot.,Information,[],2025-06-25 16:33:57.0
1CCEEAAC-683A-48EE-9129-69C81B371E77,,Elevated Fire Risks - Full Closure (Vehicle and Foot Traffic) in Prone Areas,kala,"Drought conditions pose risk of fire. The following areas are closed to vehicle and foot traffic until further notice: Coastal Road between lighthouse and Boom Site/Kalawao cattleguards; settlement perimeter road along fence, roads through fuel farm.",Park Closure,[],2025-06-24 15:30:38.0
8BFDECEA-1900-4FB5-BED6-90A603B42CDB,https://www.nps.gov/grsm/planyourvisit/seasonalroads.htm,Straight Fork and the one-way section of Balsam Mountain Road closed.,grsm,Straight Fork and the one-way section of Balsam Mountain Road (Heintooga Round-Bottom Road) are closed. The 9-mile paved section of Balsam Mountain Road remains open; visitors may still access Balsam Mountain Campground.,Park Closure,"[{'title': 'Road Closed', 'id': '8BFDECEA-1900-4FB5-BED6-90A603B42CDB', 'type': 'roadevent', 'url': 'https://www.nps.gov/grsm/planyourvisit/conditions.htm'}]",2025-06-17 11:56:04.0
97783AC4-B242-4BF7-8C71-37A17B987928,,Going-to-the-Sun Road is Open for 2025 Season,glac,The Going-to-the-Sun Road is fully open for the 2025 summer season. The road may now be accessed by motorized vehicles over Logan Pass from both the West Glacier and St. Mary Entrances.,Information,[],2025-06-16 14:41:45.0
148CFAD4-4891-4F6D-B972-BC0A888486A7,,"Use Caution with ""Fossil Beds Information"" Signs",hafo,"The new visitor center is located at 17970 US Hwy 30, about one mile north of downtown Hagerman and the old visitor center. Highway signs are not up-to-date.",Caution,[],2025-06-10 14:33:49.0
75EAC129-65A2-4CDA-B29C-413502DD3A35,https://www.nps.gov/yell/images/Biscuit_Basin_Closure_Map_20250529_1.png,Biscuit Basin Closed Due to Hydrothermal Explosion,yell,"The parking lot, boardwalk, and Firehole River at Biscuit Basin, located north of Old Faithful, is closed to all travel until further notice due to the possibility of another event at the site of a hydrothermal explosion that occurred July 23, 2024.",Park Closure,[],2025-06-09 15:37:54.0
C19376D2-19D1-4AA0-A5D2-8E8A9BD9E9EE,https://www.nps.gov/semo/learn/news/2024-01-06-sic-closing.htm,Selma Interpretive Center Closed for Major Construction,semo,"The Selma Interpretive Center will remain closed to the public until the project’s completion, which is expected by 2028. The Lowndes and Montgomery Interpretive Centers and the temporary location at the Selma Welcome Center at 14 Broad Street are open",Park Closure,[],2025-05-28 15:08:51.0
1F894524-F43E-4F7B-865B-C07684A41BAB,https://www.nps.gov/cuis/learn/news/5-2025-cuis-parking-lot-rehab.htm,Mainland Parking Lot Closure June 2,cuis,The mainland parking lot will be closed as of June 2 for rehab and improvements. For more information please see the press release.,Information,[],2025-05-28 14:41:51.0
B831CEB1-40B7-455C-9E09-644D8291FC7A,https://www.nps.gov/goga/learn/news/larceny-from-autos-at-ggnra.htm,Auto-Theft Warning - Only Bring What You Need to the Park,goga,"You can prevent vehicle break-ins in parking lots and scenic overlooks. Before leaving your car for even a short period of time: 1) Remove all valuables, 2) Lock your doors. 3) Take your cell phones and electronics with you. Read article for more details.",Caution,[],2025-05-23 15:56:47.0
3CAE8971-AF63-44DA-B4B4-15838AE719A8,https://www.nps.gov/nace/learn/management/closures-0520.htm,Picnic and Restroom Closures at Fort Dupont Park,fodu,"The Ridge Road Picnic Area and restrooms, along with the Lanham Estates restrooms, will be closed April 15–November 15, 2025, and remain closed afterward per the Superintendent’s Compendium schedule.",Information,[],2025-05-20 18:09:23.0
CD65CC33-BADB-48E2-85E8-CD865FCB5EE9,,Tour Road Closed,hobe,"Due to safety hazards caused by tornado damage, the Tour Road is open up to Tour Stop 2, but no further, and the Nature Trail is closed. The Visitor Center is now open.",Park Closure,[],2025-05-19 10:39:28.0
05E37F8F-335F-4C59-903F-B1273C07D502,https://www.nps.gov/shil/corinth-road-closure.htm?fbclid=IwY2xjawKUUS9leHRuA2FlbQIxMABicmlkETFFYmZheldUM2JiM0c0bURTAR7VrtpSy2g5PYdYlac2sYHahrNHBDwnI2nrZiUU0mMpsJUPdXUnkqkszK7jvQ_aem_M5of5PkhZ7ewJoWRjx56uw,"Major Road Closure in Corinth, MS",shil,"ALERT - Major Road Closure in Corinth, Mississippi. A major bridge replacement has begun on North Polk Street in Corinth, MS, and motorists will need to seek other routes. The work is not estimated to be completed until July or August 2026.",Information,[],2025-05-16 13:12:17.0
0B14D270-6F2D-4D48-B947-895D7466EE9D,,Possible Delays on Old Mine Road due to Van Campens bridge repairs,dewa,"Due to a bridge repair project over the Van Campens Brook, visitors on Old Mine Road may encounter delays over Summer 2025. The road will remain open, with single-lane traffic during working hours.",Information,"[{'title': 'Van Campens Brook Bridge Repair Project', 'id': '0B14D270-6F2D-4D48-B947-895D7466EE9D', 'type': 'roadevent', 'url': 'https://www.nps.gov/dewa/planyourvisit/conditions.htm'}]",2025-05-13 15:04:22.0
DF56679B-6E29-4831-A020-906576B3F309,,Parking Lot Closure,frla,"Due to ongoing construction, the parking lot is closed. Ample street parking can be found along Dudley Street, including the Brookline Reservoir. For accessible parking, please visit our ""Contact Us"" page for more information.",Park Closure,[],2025-05-09 15:58:30.0
A3EF71AE-63D1-48C7-A970-3A08ED77AFFE,,Road Closure and Fishing Pier Impact,fomr,"The Engineer Wharf, one of two fishing piers at Fort Monroe is temporarily closed. The Finger Pier remains open. Also closed is the section of Fenwick Road between Ingalls and the East Gate of the fort. Detour signs will aid travelers around the closure.",Park Closure,[],2025-05-01 10:15:52.0
D1126F5E-9E22-4C26-BE7D-558F4EE52B31,,Roads May Be Icy - Please Use Caution!,crla,"Even though the sun is shining, the open roads in the park may still have icy patches, especially in the mornings and evenings when the temperatures drop. Please drive with caution.",Caution,[],2025-04-30 23:40:30.0
43EF6DC7-BEC2-40E3-89E7-EB28F349CC64,https://www.nps.gov/sand/planyourvisit/directions.htm,8 Miles of Unpaved Road to Reach Park,sand,"In order to reach the Sand Creek Massacre Site, visitors must travel on at least 8 miles of unpaved roads. We are not able to guarantee road conditions of county roads 54 or W after spring storms.",Caution,[],2025-04-21 11:01:41.0
4D8723AB-7B52-4151-8CF6-7039EFB557C6,,Visitor Center and Bookstore Open Thurs - Sun,carl,"Visitor Center and Bookstore hours are Thurs - Sun 10-4. It is .5 mile walk to the historic area from the Hikers Lot. Please keep this in mind. If you have access needs, please call the number posted in the parking lot.",Information,[],2025-04-09 09:15:38.0
E4538614-62B2-4C76-B623-EFD9BA55B8C7,https://www.nps.gov/vick/planyourvisit/grant-circle-and-north-union-ave-repairs.htm,North Union Avenue and Grant Circle Closed for Repairs,vick,North Union Avenue and Grant Circle are closed to vehicular and pedestrian traffic for repairs. Entering these construction areas is prohibited. This work is to repair severe weather damage in 2020. The remainder of the park and tour road are open.,Park Closure,[],2025-04-02 10:18:12.0
A333DC6F-1CD5-4B88-BE8F-9D515481FDE9,,South Unit temporarily closed south of Grand Teton Drive; Trailheads remain open.,tusk,"The South Unit of Tule Springs Fossil Beds is temporarily closed to visitor access south of Grand Teton Drive, between Tule Springs Parkway and North Fifth Street in North Las Vegas for visitor safety during construction activities.",Park Closure,[],2025-03-25 20:32:57.0
2F164E3C-46FC-4836-9593-A07EC77B56ED,,Road Damage,amch,"Due to damage from heavy rains, some roads may require high clearance or 4x4 vehicles for passage. Please use caution when approaching and driving on roadways. Trailers over 30 feet not advised.",Caution,[],2025-03-21 16:59:31.0
8F9F3AFA-00E5-4D2E-9A76-D8B6AAC665DC,,Northwest Perimeter Road Open,chic,Northwest Perimeter Road is now accessible to visitors. Extensive cleanup and restoration efforts have been made following the EF 3 tornado that occurred on 4/27/2024. Please exercise good judgment and caution when driving or hiking through this area.,Information,[],2025-03-21 14:59:39.0
652C4E86-38FF-4B25-8E8A-8D294695C53E,,Preservation Work Along Trails,fomc,"Starting March 18, preservationists restoring the bronze state plaques along the entrance road, and the War of 1812 commemorative markers in the Orpheus Grove. Some of these areas may be temporarily closed while work is in progress.",Information,[],2025-03-18 08:50:38.0
5EA43EBB-D13C-4554-9E0A-CCCBFBBCDB23,,Pa-Hay-Okee Overlook Trail closed for replacement project until Fall 2025,ever,"The Pa-Hay-Okee boardwalk trail, tower and parking lot will be closed for a replacement project until the fall. This is to replace aging infrastructure. The road remains open as a turnaround.",Park Closure,[],2025-03-17 08:30:55.0
C81E53FF-9B37-4310-8EA7-03AEDE29BC59,https://www.nps.gov/guis/planyourvisit/fort-pickens-area.htm,U.S. Navy Blue Angels Practices,guis,"On Tuesdays and Wednesdays from April to October, parking lots at Fort Pickens Area fill early. Vehicles parked in non-designated spots are subject to citation and towing. When lots are full, the area will close to incoming traffic. Plan ahead.",Information,[],2025-03-06 16:04:16.0
AB6D9AA5-0899-4E4F-A6B5-A28365367388,https://www.nps.gov/cave/planyourvisit/conditions.htm#flood,Closures Due to Flood Damage,cave,Some areas of the park including Walnut Canyon Desert Drive and some trails remain closed after extensive flood damage. The main park road to the visitor center and cavern is open.,Information,[],2025-03-05 12:00:34.0
24D63C56-ABA7-40EE-97D9-E0F709E1730D,https://www.nps.gov/cave/planyourvisit/conditions.htm#fire,High Fire Danger,cave,"Due to high fire danger, there are multiple closures and prohibited activities. The main park road to Carlsbad Cavern and the visitor center is open.",Caution,[],2025-03-05 11:24:58.0
B937BD7A-FF28-45B7-81A8-ADD1BB568927,,Most Monument Roads Require Heavy Duty 4WD Vehicle to Travel Safely,camo,"Breaking down in the remote monument can be a life-threatening emergency. Most roads require a well-equipped, heavy-duty 4WD vehicle to travel. 2WD high clearance vehicles must use Walking Box Ranch Rd for entry and exit. No Visitor Facilities Available.",Caution,[],2025-02-19 19:34:02.0
B92D8BF8-9B82-4930-877C-6AFC1C3B8845,https://www.nps.gov/libi/planyourvisit/visitor-center-construction.htm,Oversized Vehicles are Unable to Park in Visitor Center Parking Lot,libi,"Due to construction, oversized vehicles will not be allowed to park in the visitor center parking lot due to lack of space and ability to turn-around safely. There is oversized parking along the main park road.",Park Closure,[],2024-11-19 15:46:55.0
0D7F13F4-BCB8-4392-A926-FC3DB4486473,https://www.nps.gov/rocr/learn/news/2023-11-09-fort-totten-park-update.htm,Part of Fort Totten Park remains closed for public safety,rocr,"Out of an abundance of caution, Fort Totten Park will remain closed east of Fort Totten Drive, south of Gallatin Street/Metropolitan Branch Trail and north of Brookland Ave NE/Farragut St. due to the investigation involving two WWI-era munitions found.",Park Closure,[],2024-11-08 15:48:29.0
0647D4FC-D302-4407-8016-0703733BDB63,https://www.nps.gov/rocr/learn/news/2023-11-09-fort-totten-park-update.htm,Part of Fort Totten Park remains closed for public safety,cwdw,"Out of an abundance of caution, Fort Totten Park will remain closed east of Fort Totten Drive, south of Gallatin Street/Metropolitan Branch Trail and north of Brookland Ave NE/Farragut St. due to the investigation involving two WWI-era munitions found.",Park Closure,[],2024-11-08 15:38:29.0
6893F8CE-7661-4AFC-9210-F50A5429427E,https://nmroads.com/mapIndex.html?,New Mexico Road Advisories,foun,The New Mexico Department of Transportation updates its map of road advisories regularly. Visitors are encouraged to look for any possible road advisories along their route of travel beforehand.,Information,[],2024-11-06 11:06:36.0
2D29B6CC-8C04-424A-802B-1312CA14B682,,"Sat & Sun IF parking is full, entrance closes, no entrance until parking available.",grfa,"Saturdays & Sundays with good weather, IF our parking lots fill we close the park entrance. (Georgetown Pike & Old Dominion Dr) We re-open when parking is available. No waiting, no street parking. Updates at Great Falls Park Facebook page.",Information,[],2024-11-02 19:37:21.0
062971A7-A9C9-48C1-B747-20233FA784A8,https://www.nps.gov/vafo/planyourvisit/conditions.htm#maurice-stephens,Maurice Stephens Parking Lot Closed During Construction Project,vafo,"The parking lot near the Maurice Stephens house, located on Rt 23 opposite from the Washington Memorial Chapel, is closed during construction and renovation work on the house. Visitors are encouraged to park in the Chapel lot for Grand Parade trail access",Information,[],2024-10-03 11:25:41.0
A96CEF27-D8F3-49F7-9BC4-CE2C81B78FA5,,Expect Crowding,cuva,Parking lots and popular destinations are crowded especially on weekends and days with warm weather between 10 am and 3 pm.,Information,[],2024-09-24 10:09:27.0
9E89C7E3-7BCD-46ED-97CA-E24B64092883,,Adjustments to USS Cairo Museum and Visitor Center Days of Operation,vick,"Starting October 2, 2024, the USS Cairo Museum will be open 7 days a week and the Visitor Center will be open Wednesday-Sunday. The park grounds, fee booth, Visitor Center restrooms, and tour road will remain open seven days a week.",Information,[],2024-09-05 12:53:29.0
BC1403C6-BE88-47AC-9233-153BC9ED5AB4,https://www.nps.gov/lake/learn/news/lake-mead-national-recreation-area-announces-government-wash-vehicle-access-overnight-camping-restrictions.htm,Government Wash closure to vehicle access and overnight camping,lake,"Government Wash Road and 8.0 Mile Road will be blocked, and motor vehicle access and overnight camping in the area will be prohibited. Hiking, biking, and shoreline access by boat for recreation within 100 feet of the shoreline will remain available.",Park Closure,[],2024-08-01 14:00:49.0
0BBA2DAF-A401-4A3D-9D7C-38E2A83D72AD,https://www.nps.gov/whsa/planyourvisit/safety-corridor-in-effect.htm,Dunes Drive Safety Corridor,whsa,Dunes Drive is open. A safety corridor is in effect between mile marker 3 and 5.5 along Dunes Drive. Visitors may drive but not stop or exit their vehicle in this area.,Park Closure,[],2024-07-26 16:58:26.0
6CA64390-AE2E-429E-B34F-3B4F4584BEC8,,Overlook Parking Lot Unavailable After Dark,pagr,The park parking lot at 72 McBride Extension is open from dawn to dusk every day. Any vehicles left in the parking lot after dusk (i.e. sunset) are subject to towing at owner's expense.,Information,[],2024-07-18 10:10:27.0
C213E402-79E1-48A4-9B76-C33A247C8395,,National Cemetery Closed to Vehicles; Open to Pedestrians,vick,"Due to weather related incidents, Vicksburg National Cemetery is closed to vehicular traffic, however it is open to pedestrians. Visitor can park in the adjacent USS Cairo parking lot and walk into the cemetery.",Park Closure,[],2024-05-02 18:13:26.0
D0463B88-5060-421E-8438-3E8B3B2EA8BF,https://www.nps.gov/choh/learn/management/superintendent-s-compendium.htm,Hiking in Gold Mine Tract,choh,Visitors are restricted to the designated trails within the Gold Mine Tract in the Great Falls area. This location is generally defined as that area bordered by MacArthur Boulevard and Berma Road and depicted on the Great Falls Maryland Hiking Map.,Caution,[],2024-03-26 09:44:24.0
88590FD8-1D4F-47D8-99C4-DB9D7E172BAD,,River Ferry at Akers (on State Highway K) CLOSED until further notice,ozar,The Akers Ferry on State Highway K will not be in service until further notice.,Caution,"[{'title': 'Akers Ferry Closure', 'id': '88590FD8-1D4F-47D8-99C4-DB9D7E172BAD', 'type': 'roadevent', 'url': 'https://www.nps.gov/ozar/planyourvisit/conditions.htm'}]",2024-03-05 10:29:47.0
123E2192-4095-4B79-9752-D7408F4D6B4D,https://www.nps.gov/buff/planyourvisit/south-woolum-road-closed-alternate-route-available.htm,"South Woolum Road Closed, Alternate Route Available",buff,"In the interest of safety, the South Woolum Road has been closed. The Woolum launch and campground remain open.",Park Closure,"[{'title': 'South Woolum Road Closure', 'id': '123E2192-4095-4B79-9752-D7408F4D6B4D', 'type': 'roadevent', 'url': 'https://www.nps.gov/buff/planyourvisit/conditions.htm'}]",2024-02-23 12:47:47.0
97D83B2E-A67F-4C5F-96F0-A173B573BF7B,https://www.nps.gov/thingstodo/gumo_drive_to_williams_ranch.htm,Williams Ranch Road Closed,gumo,The Williams Ranch Road is currently impassable and closed to public access due to unsafe conditions.,Information,"[{'title': 'Williams Ranch Road Closure', 'id': '97D83B2E-A67F-4C5F-96F0-A173B573BF7B', 'type': 'roadevent', 'url': 'https://www.nps.gov/gumo/planyourvisit/conditions.htm'}]",2024-02-01 17:37:05.0
57F5103D-99E6-445B-BD93-F947D4EA6E06,https://www.nps.gov/whsa/planyourvisit/park-closures.htm,Park Closures,whsa,From time to time the missile range that surrounds the park performs military testing that may require the closure of the park or Highway 70. Please plan your visit around upcoming military tests.,Information,[],2024-01-02 13:34:42.0
7F190DA8-E672-48C1-8AAA-8E661133FE49,https://azstateparks.com/ohv,Arizona Off-Highway Vehicle (OHV) Requirements for Residents and Non-residents.,para,Off-highway vehicles (OHVs) are required by law to display a valid OHV decal to operate on public and state trust lands in Arizona. This includes “street legal” vehicles that meet these two requirements.,Information,[],2023-12-29 18:25:00.0
9B487617-E409-4E07-9CD0-7259C25E8B47,,"Route 7 from Sawmill, AZ is NOT recommended",cach,"Entering the park from the east at Sawmill, AZ on Route 7 is not recommended. Part of this route is UNPAVED and UNMAINTAINED. Please stay on paved roads, such as Indian Route 64 from Tsaile, AZ and Highway 191/Route 7 from Chinle, AZ.",Information,[],2023-12-13 18:22:22.0
FA896BD1-1B45-4E5B-9C1E-9D80826053A6,https://www.nps.gov/laro/learn/news/hawk-creek-lane-restriction.htm,Hawk Creek Lane Restriction at Lake Roosevelt National Recreation Area,laro,"Due to undercutting action of Hawk Creek on the access road between the Hawk Creek campground and boat launch, the road will be reduced to one lane until further notice. Use caution while on this road.",Park Closure,[],2023-12-11 14:56:18.0
7E44AFE1-C366-4251-816B-A4C8CFCEB40C,https://www.nps.gov/band/planyourvisit/directions.htm,The Use of GPS is NOT Recommended,band,Numerous visitors have been routed to remote trailheads and out-of-the-way roads trying to use GPS to reach the main park area or shuttle stop.,Caution,[],2023-12-02 16:04:00.0
34A77005-0F10-46D2-887F-6ED1F43A6C2D,,"Pozo Nuevo Road to Bates Well Ranch High Clearance, 4-Wheel Drive Only",orpi,"High Clearance, 4-wheel drive is required from where Pozo Nuevo Road begins along South Puerto Blanch Drive to Bates Well Ranch area. The road is washed out in areas. Bates Well Ranch is still accessible from the north on Darby Well Road.",Caution,[],2023-10-24 15:55:47.0
E63B3C9F-D8D2-4242-8FC3-278ACC475C0D,,Vehicle Break-in and Theft Warning,cuva,"Car break-ins in Cuyahoga Valley have tripled since 2022, resulting in theft of personal items like credit cards. Do not leave valuables in your car. As a last resort, lock items in your trunk before arriving. Thieves target parking lots regularly.",Caution,[],2023-09-27 15:24:02.0
67391665-683E-4F3F-A8EB-AFFDE137D31C,,4-wheel drive recommended for beach driving,pais,4-wheel drive is recommended if driving on North and South Beach.,Information,[],2023-08-20 11:47:45.0
AD2DA1FB-E0A4-4990-8DC6-BC98A974930C,,Drive Cautiously - Endangered Birds on Roadway,hale,"Nēnē (Hawaiian geese) and ʻuaʻu (Hawaiian petrel) are nesting in the park and may land on or frequent park roads, parking lots, and road leading up to the park. Drivers are reminded to drive at the posted speed limits and exercise caution.",Information,[],2023-08-17 19:27:14.0
6193845F-683B-49B4-901B-FC5403A53D30,https://www.nps.gov/goga/learn/news/larceny-from-autos-at-ggnra.htm,Auto-Theft Warning - Only Bring What You Need to the Park,alca,"You can help prevent vehicle break-ins in parking lots. Before leaving your car to catch the ferry: 1) Remove all valuables, 2) Lock your doors. 3) Take your cell phones and electronics with you. Read article for more details.",Caution,[],2023-08-11 14:45:16.0
B127187F-76DD-4147-8AB5-CEC00AA6700D,https://www.nps.gov/goga/learn/news/larceny-from-autos-at-ggnra.htm,Auto-Theft Warning - Only Bring What You Need to the Park,muwo,"You can prevent vehicle break-ins in parking lots and scenic overlooks. Before leaving your car for even a short period of time: 1) Remove all valuables, 2) Lock your doors. 3) Take your cell phones and electronics with you. Read article for more details.",Caution,[],2023-08-11 14:31:56.0
FDC95683-8853-4829-8A84-6E7E886B1C7A,https://www.nps.gov/goga/learn/news/larceny-from-autos-at-ggnra.htm,Auto-Theft Warning - Only Bring What You Need to the Park,prsf,"You can prevent vehicle break-ins in parking lots and scenic overlooks. Before leaving your car for even a short period of time: 1) Remove all valuables, 2) Lock your doors. 3) Take your cell phones and electronics with you. Read article for more details.",Caution,[],2023-08-11 14:30:52.0
B7A06513-5CF2-4CC8-9091-3B80E52C2D0B,https://www.nps.gov/goga/learn/news/larceny-from-autos-at-ggnra.htm,Auto-Theft Warning - Only Bring What You Need to the Park,fopo,"You can prevent vehicle break-ins in parking lots and scenic overlooks. Before leaving your car for even a short period of time: 1) Remove all valuables, 2) Lock your doors. 3) Take your cell phones and electronics with you. Read article for more details.",Caution,[],2023-08-11 14:29:24.0
47FB46E0-9B49-4116-A527-C0FE070F96FA,https://t.co/JZaIRxjnp7,Expect long lines at entrances on weekends.,mora,Lengthy delays are likely at the southwest park entrance on SR706 on weekends. Check Google Maps for backup (represented by the orange/red line) at link below. Please do not block driveways or roads while in line outside the park.,Information,[],2023-07-07 16:20:51.0
D7C2DF87-36BF-44F2-99B4-3EF76DAC2597,,South Unit Road from the Old East Entrance station mile near marker 22 to mile marker 28,thro,"Due to major road repair work, the former scenic loop between the Old East Entrance Station (near mile marker 22) and mile marker 28 is closed to all traffic, including pedestrian, and bicycle access.",Caution,[],2023-06-14 16:41:12.0
7BFF9E67-1275-4440-8396-6ED36C900F7A,,Roadwork may cause delays on US 41/Tamiami Trail,ever,"Current roadwork is ongoing along the park's northern boundary on US Highway 41/Tamiami Trail to raise the road for Everglades Restoration benefits. Drivers may experience up to 15-minute delays and should watch for personnel, equipment and slow downs.",Caution,[],2023-04-20 18:00:07.0
35BD1159-10BB-41BC-963B-C663652CFBC2,,County Line Road Closed Monday To Friday,vafo,"County Line Road is closed during the week, from Monday through Friday. The closure will apply to all vehicular, pedestrian, and bicycle traffic. Please find an alternate route.",Information,[],2023-04-17 13:51:33.0
2FF5C64E-7567-40A0-96E7-6D00BB5B645B,,Passaic River Trail Bridge washed out,morr,"Tropical Storm Ida washed out the Passaic River bridge on the Patriot's Path Trail south of Tempe Wick Road. This area is a known habitat of the endangered wood turtle, so do not wade, walk, or let your dog run in the river at this location.",Caution,[],2023-04-12 15:15:21.0
E81F00BD-8469-458F-88CD-79CF377096A4,,"Volcano Road Closed to RVs and Buses over 26 feet, and to all Trailers.",cavo,"The Volcano top road is not accessible to RVs, buses, attached trailers, or any other vehicle over 26 feet in length, due to the narrowness and weight limits of Volcano Road. Trailer drop off and RV/bus parking is available at the Visitor Center.",Park Closure,[],2023-04-11 13:13:44.0
1ED85C21-EB71-4CBE-80A9-4A889494FA4E,,Temporary Blackland Prairie Trail Closure to Equestrians,natt,"Heavy rain has undermined a culvert making it unsafe for passage. Due to horse trailer parking availability, the entire section is closed to equestrians. Hikers are still able to travel from the railroad tracks to the Parkway Visitor Center.",Park Closure,[],2023-03-08 14:47:37.0
BD961B65-1849-4977-930B-C0CBA73E8A03,,Pet Policy,azru,"Pets are not allowed inside the visitor center at Aztec Ruins, nor are they allowed on the archaeological trail through Aztec West. Pets are welcome in the parking lot, the picnic area, and along the Old Spanish Trail. Service animals are the exception.",Information,[],2022-10-27 17:38:35.0
89E8F214-29EB-4BF5-B85E-01A4212E4F69,https://www.nps.gov/dena/planyourvisit/conditions.htm,Park Operations Altered Due to Pretty Rocks Landslide,dena,Summer access to facilities and services in Denali remains altered due to the Pretty Rocks Landslide and the associated closure of the Park Road at Mile 43. Check here for more information on what to expect.,Park Closure,[],2022-09-19 14:11:22.0
7EF3C4AE-4A5C-432A-83D3-D62231362FD1,https://www.nps.gov/articles/monsoon-season.htm,Monsoon Season & Flash Floods,care,"Heavy rains can cause sudden flooding, especially in canyons and washes. Do not drive or hike through flood waters. Get to high ground and wait for floods to subside. Some roads may close temporarily; closures are posted at the visitor center.",Caution,[],2022-07-12 15:11:21.0
49AA3E71-0DE2-43B6-98CB-6F2E5FB4114F,,Dangerous Highway Crossing,tapr,"Highway 177 is 60 mph with a blind spot directly across from the house. Safely use the highway underpass to the Fox Creek Trail just south of the visitor center parking lot. Be smart, stay alive.",Caution,[],2022-03-26 15:20:42.0
76963DF5-FF4B-4C00-8F86-2ECA0AED7446,https://www.nps.gov/pinn/planyourvisit/hours.htm,High Crowds & Park Capacity,pinn,"High visitation may require limiting access to Bear Gulch and other parking areas in the park. If all parking lots reach capacity, incoming traffic will not pass the campground until space is available. This occurs most often between 8a and 3p on weekends",Information,[],2022-01-19 14:37:31.0
D8CA79CE-E4C5-4DC7-939C-AA682196CA7E,,All 3 petroglyph viewing trails are open. No trails at VC. WNPA Park Store open 9am - 4pm.,petr,"Drive to petroglyph viewing trails: Boca Negra Canyon (open 8:30 am - 4 pm); Rinconada and Piedras Marcadas Canyons (open 8 am to 5 pm). The Volcanoes Day Use Area (no petroglyphs, open 9 am to 5 pm). WNPA Park Store open for shopping 9am - 4pm daily.",Information,[],2021-08-06 10:49:22.0
768A062E-B105-44FC-8F59-3605699FC4AA,https://www.nps.gov/badl/planyourvisit/directions.htm,Navigation,badl,"Do not rely on GPS digital navigation systems to find your way to Badlands National Park. Please note that the Visitor Center at 25216 Ben Reifel Road, Interior SD 57750 is located just off I-90.",Caution,[],2020-12-16 09:25:24.0
B171D571-FE0E-4920-B8B4-5C35D646DD4F,,Notice to travelers to National Cemetery,anjo,"Due to the narrow roadway & tight turn, RVs, mobile homes, charter buses, delivery trucks, or vehicles with trailers are prohibited from the crest of Monument Hill. Check for information about parking at the Visitor Center upon your arrival.",Caution,[],2019-08-12 15:39:35.0
87F12777-F902-4017-8783-2A28241A0458,,RV and Tractor Trailer Parking at the Visitor Center,whsa,There is limited space for parking for recreational vehicles and trailers in the parking lot directly in front (south) of the visitor center. RVs are asked to not park in the lot behind the visitor center. There is no parking space for tractor trailers.,Information,[],2019-02-05 14:36:01.0
07FA0182-FE82-4689-9355-B863754A45A9,https://www.nps.gov/mimi/planyourvisit/directions.htm,Warning about GPS Systems!,mimi,"Vehicle Navigation Systems and GPS units may provide inaccurate information—sending drivers the wrong way on one-way roads, leading them to dead ends in remote areas, or sending them on roads which are impassable. Use the Interstate exits for wayfinding.",Caution,[],2017-08-02 08:27:14.0
7D2EBFB8-4ACF-498E-B6E7-E4E50D4649A7,https://www.nps.gov/crmo/planyourvisit/directions.htm,Navigation,crmo,Please do not rely upon GPS digital navigation systems to find your way to Craters of the Moon. Please note that the Visitor Center at 1266 Craters Loop Road is located just off U.S. Highway 20/26/93 and is not accessed via any unpaved roads.,Caution,[],2017-01-13 08:33:59.0
