extraction_date,name,data_source_id,event_type,road_names,direction,description,organization_name,update_date,contact_name,contact_email
2026-03-15,North Entrance Road and Rim Drive are CLOSED for the Season,02e0312b-cbd4-40bb-2c4e-08d4c7ad36e2,incident,"['North Entrance Road', 'West Rim Drive', 'East Rim Drive']",eastbound,Seasonal closure of North Entrance Road and Rim Drive due to snow from October through June. ,Crater Lake National Park,2024-02-01T01:07:37.430224Z,Crater Lake National Park,CRLA_Superintendent@nps.gov
2026-03-15,North Entrance Road and Rim Drive are CLOSED for the Season,02e0312b-cbd4-40bb-2c4e-08d4c7ad36e2,incident,"['North Entrance Road', 'West Rim Drive', 'East Rim Drive']",northbound,Seasonal closure of North Entrance Road and Rim Drive due to snow from October through June. ,Crater Lake National Park,2024-02-01T01:07:37.430224Z,Crater Lake National Park,CRLA_Superintendent@nps.gov
2026-03-15,North Entrance Road and Rim Drive are CLOSED for the Season,02e0312b-cbd4-40bb-2c4e-08d4c7ad36e2,incident,"['North Entrance Road', 'West Rim Drive', 'East Rim Drive']",northbound,Seasonal closure of North Entrance Road and Rim Drive due to snow from October through June. ,Crater Lake National Park,2024-02-01T01:07:37.430224Z,Crater Lake National Park,CRLA_Superintendent@nps.gov
2026-03-15,North Entrance Road and Rim Drive are CLOSED for the Season,02e0312b-cbd4-40bb-2c4e-08d4c7ad36e2,incident,"['North Entrance Road', 'West Rim Drive', 'East Rim Drive']",southbound,Seasonal closure of North Entrance Road and Rim Drive due to snow from October through June. ,Crater Lake National Park,2024-02-01T01:07:37.430224Z,Crater Lake National Park,CRLA_Superintendent@nps.gov
2026-03-15,North Entrance Road and Rim Drive are CLOSED for the Season,02e0312b-cbd4-40bb-2c4e-08d4c7ad36e2,incident,"['North Entrance Road', 'West Rim Drive', 'East Rim Drive']",northbound,Seasonal closure of North Entrance Road and Rim Drive due to snow from October through June. ,Crater Lake National Park,2024-02-01T01:07:37.430224Z,Crater Lake National Park,CRLA_Superintendent@nps.gov
2026-03-15,North Entrance Road and Rim Drive are CLOSED for the Season,02e0312b-cbd4-40bb-2c4e-08d4c7ad36e2,incident,"['North Entrance Road', 'West Rim Drive', 'East Rim Drive']",southbound,Seasonal closure of North Entrance Road and Rim Drive due to snow from October through June. ,Crater Lake National Park,2024-02-01T01:07:37.430224Z,Crater Lake National Park,CRLA_Superintendent@nps.gov
2026-03-15,North Entrance Road and Rim Drive are CLOSED for the Season,02e0312b-cbd4-40bb-2c4e-08d4c7ad36e2,incident,"['North Entrance Road', 'West Rim Drive', 'East Rim Drive']",southbound,Seasonal closure of North Entrance Road and Rim Drive due to snow from October through June. ,Crater Lake National Park,2024-02-01T01:07:37.430224Z,Crater Lake National Park,CRLA_Superintendent@nps.gov
2026-03-15,North Entrance Road and Rim Drive are CLOSED for the Season,02e0312b-cbd4-40bb-2c4e-08d4c7ad36e2,incident,"['North Entrance Road', 'West Rim Drive', 'East Rim Drive']",westbound,Seasonal closure of North Entrance Road and Rim Drive due to snow from October through June. ,Crater Lake National Park,2024-02-01T01:07:37.430224Z,Crater Lake National Park,CRLA_Superintendent@nps.gov
2026-03-15,Ride the Rim ,02e0312b-cbd4-40bb-2c4e-08d4c7ad36e2,incident,['East Rim Drive'],eastbound,East Rim Drive is closed to motorized vehicles from 7:00 PM Friday (9/6) through 4:00 PM Saturday (9/7) for annual Ride the Rim Event.,Crater Lake National Park,2024-02-01T01:07:37.430224Z,Crater Lake National Park,CRLA_Superintendent@nps.gov
2026-03-15,Ride the Rim ,02e0312b-cbd4-40bb-2c4e-08d4c7ad36e2,incident,['East Rim Drive'],westbound,East Rim Drive is closed to motorized vehicles from 7:00 PM Friday (9/6) through 4:00 PM Saturday (9/7) for annual Ride the Rim Event.,Crater Lake National Park,2024-02-01T01:07:37.430224Z,Crater Lake National Park,CRLA_Superintendent@nps.gov
2026-03-15,Seasonal Road Closures ,14f622d5-159a-4bf7-8c2d-d9f8fea7206e,incident,"['Loop Road', 'North Entrance']",southbound,"The Loop Road and North Entrance are closed for winter to all vehicle traffic. Both roads are accessible by non-motorized vehicles, foot, ski, or snowshoe. ",Katahdin Woods and Waters National Monument,2024-09-11T12:22:53.633317Z,Katahdin Woods and Waters National Monument,KAWW_Superintendent@nps.gov
2026-03-15,Seasonal Road Closures ,14f622d5-159a-4bf7-8c2d-d9f8fea7206e,incident,"['Loop Road', 'North Entrance']",eastbound,"The Loop Road and North Entrance are closed for winter to all vehicle traffic. Both roads are accessible by non-motorized vehicles, foot, ski, or snowshoe. ",Katahdin Woods and Waters National Monument,2024-09-11T12:22:53.633317Z,Katahdin Woods and Waters National Monument,KAWW_Superintendent@nps.gov
2026-03-15,Seasonal Road Closures ,14f622d5-159a-4bf7-8c2d-d9f8fea7206e,incident,"['Loop Road', 'North Entrance']",northbound,"The Loop Road and North Entrance are closed for winter to all vehicle traffic. Both roads are accessible by non-motorized vehicles, foot, ski, or snowshoe. ",Katahdin Woods and Waters National Monument,2024-09-11T12:22:53.633317Z,Katahdin Woods and Waters National Monument,KAWW_Superintendent@nps.gov
2026-03-15,Seasonal Road Closures ,14f622d5-159a-4bf7-8c2d-d9f8fea7206e,incident,"['Loop Road', 'North Entrance']",westbound,"The Loop Road and North Entrance are closed for winter to all vehicle traffic. Both roads are accessible by non-motorized vehicles, foot, ski, or snowshoe. ",Katahdin Woods and Waters National Monument,2024-09-11T12:22:53.633317Z,Katahdin Woods and Waters National Monument,KAWW_Superintendent@nps.gov
2026-03-15,Inclement Weather Closure,16b85a09-3e09-4a62-2c08-08d4c7ad36e2,incident,['Blue Ridge Parkway'],eastbound,Closure due to hazardous road conditions due to weather conditions.,Blue Ridge Parkway,2024-05-21T17:35:21.355588Z,Blue Ridge Parkway,BLRI_Superintendent@nps.gov
2026-03-15,Inclement Weather Closure,16b85a09-3e09-4a62-2c08-08d4c7ad36e2,incident,['Blue Ridge Parkway'],eastbound,Closure due to hazardous road conditions due to weather conditions.,Blue Ridge Parkway,2024-05-21T17:35:21.355588Z,Blue Ridge Parkway,BLRI_Superintendent@nps.gov
2026-03-15,Inclement Weather Closure,16b85a09-3e09-4a62-2c08-08d4c7ad36e2,incident,['Blue Ridge Parkway'],westbound,Closure due to hazardous road conditions due to weather conditions.,Blue Ridge Parkway,2024-05-21T17:35:21.355588Z,Blue Ridge Parkway,BLRI_Superintendent@nps.gov
2026-03-15,Inclement Weather Closure,16b85a09-3e09-4a62-2c08-08d4c7ad36e2,incident,['Blue Ridge Parkway'],westbound,Closure due to hazardous road conditions due to weather conditions.,Blue Ridge Parkway,2024-05-21T17:35:21.355588Z,Blue Ridge Parkway,BLRI_Superintendent@nps.gov
2026-03-15,Inclement Weather Closure,16b85a09-3e09-4a62-2c08-08d4c7ad36e2,incident,['Blue Ridge Parkway'],eastbound,Closure due to hazardous road conditions due to weather conditions.,Blue Ridge Parkway,2024-05-21T17:35:21.355588Z,Blue Ridge Parkway,BLRI_Superintendent@nps.gov
2026-03-15,Inclement Weather Closure,16b85a09-3e09-4a62-2c08-08d4c7ad36e2,incident,['Blue Ridge Parkway'],westbound,Closure due to hazardous road conditions due to weather conditions.,Blue Ridge Parkway,2024-05-21T17:35:21.355588Z,Blue Ridge Parkway,BLRI_Superintendent@nps.gov
2026-03-15,Ongoing Road Projects and Helene Recovery,16b85a09-3e09-4a62-2c08-08d4c7ad36e2,work-zone,['Blue Ridge Parkway'],westbound,"Parkway areas closed for ongoing road maintenance, construction, and Helene recovery projects. ",Blue Ridge Parkway,2024-05-21T17:35:21.355588Z,Blue Ridge Parkway,BLRI_Superintendent@nps.gov
2026-03-15,Ongoing Road Projects and Helene Recovery,16b85a09-3e09-4a62-2c08-08d4c7ad36e2,work-zone,['Blue Ridge Parkway'],westbound,"Parkway areas closed for ongoing road maintenance, construction, and Helene recovery projects. ",Blue Ridge Parkway,2024-05-21T17:35:21.355588Z,Blue Ridge Parkway,BLRI_Superintendent@nps.gov
2026-03-15,Ongoing Road Projects and Helene Recovery,16b85a09-3e09-4a62-2c08-08d4c7ad36e2,work-zone,['Blue Ridge Parkway'],westbound,"Parkway areas closed for ongoing road maintenance, construction, and Helene recovery projects. ",Blue Ridge Parkway,2024-05-21T17:35:21.355588Z,Blue Ridge Parkway,BLRI_Superintendent@nps.gov
2026-03-15,Ongoing Road Projects and Helene Recovery,16b85a09-3e09-4a62-2c08-08d4c7ad36e2,work-zone,['Blue Ridge Parkway'],northbound,"Parkway areas closed for ongoing road maintenance, construction, and Helene recovery projects. ",Blue Ridge Parkway,2024-05-21T17:35:21.355588Z,Blue Ridge Parkway,BLRI_Superintendent@nps.gov
2026-03-15,Ongoing Road Projects and Helene Recovery,16b85a09-3e09-4a62-2c08-08d4c7ad36e2,work-zone,['Blue Ridge Parkway'],southbound,"Parkway areas closed for ongoing road maintenance, construction, and Helene recovery projects. ",Blue Ridge Parkway,2024-05-21T17:35:21.355588Z,Blue Ridge Parkway,BLRI_Superintendent@nps.gov
2026-03-15,Ongoing Road Projects and Helene Recovery,16b85a09-3e09-4a62-2c08-08d4c7ad36e2,work-zone,['Blue Ridge Parkway'],eastbound,"Parkway areas closed for ongoing road maintenance, construction, and Helene recovery projects. ",Blue Ridge Parkway,2024-05-21T17:35:21.355588Z,Blue Ridge Parkway,BLRI_Superintendent@nps.gov
2026-03-15,Ongoing Road Projects and Helene Recovery,16b85a09-3e09-4a62-2c08-08d4c7ad36e2,work-zone,['Blue Ridge Parkway'],northbound,"Parkway areas closed for ongoing road maintenance, construction, and Helene recovery projects. ",Blue Ridge Parkway,2024-05-21T17:35:21.355588Z,Blue Ridge Parkway,BLRI_Superintendent@nps.gov
2026-03-15,Ongoing Road Projects and Helene Recovery,16b85a09-3e09-4a62-2c08-08d4c7ad36e2,work-zone,['Blue Ridge Parkway'],eastbound,"Parkway areas closed for ongoing road maintenance, construction, and Helene recovery projects. ",Blue Ridge Parkway,2024-05-21T17:35:21.355588Z,Blue Ridge Parkway,BLRI_Superintendent@nps.gov
2026-03-15,Ongoing Road Projects and Helene Recovery,16b85a09-3e09-4a62-2c08-08d4c7ad36e2,work-zone,['Blue Ridge Parkway'],eastbound,"Parkway areas closed for ongoing road maintenance, construction, and Helene recovery projects. ",Blue Ridge Parkway,2024-05-21T17:35:21.355588Z,Blue Ridge Parkway,BLRI_Superintendent@nps.gov
2026-03-15,Ongoing Road Projects and Helene Recovery,16b85a09-3e09-4a62-2c08-08d4c7ad36e2,work-zone,['Blue Ridge Parkway'],southbound,"Parkway areas closed for ongoing road maintenance, construction, and Helene recovery projects. ",Blue Ridge Parkway,2024-05-21T17:35:21.355588Z,Blue Ridge Parkway,BLRI_Superintendent@nps.gov
2026-03-15,Ongoing Road Projects and Helene Recovery,16b85a09-3e09-4a62-2c08-08d4c7ad36e2,work-zone,['Blue Ridge Parkway'],southbound,"Parkway areas closed for ongoing road maintenance, construction, and Helene recovery projects. ",Blue Ridge Parkway,2024-05-21T17:35:21.355588Z,Blue Ridge Parkway,BLRI_Superintendent@nps.gov
2026-03-15,Ongoing Road Projects and Helene Recovery,16b85a09-3e09-4a62-2c08-08d4c7ad36e2,work-zone,['Blue Ridge Parkway'],eastbound,"Parkway areas closed for ongoing road maintenance, construction, and Helene recovery projects. ",Blue Ridge Parkway,2024-05-21T17:35:21.355588Z,Blue Ridge Parkway,BLRI_Superintendent@nps.gov
2026-03-15,Ongoing Road Projects and Helene Recovery,16b85a09-3e09-4a62-2c08-08d4c7ad36e2,work-zone,['Blue Ridge Parkway'],westbound,"Parkway areas closed for ongoing road maintenance, construction, and Helene recovery projects. ",Blue Ridge Parkway,2024-05-21T17:35:21.355588Z,Blue Ridge Parkway,BLRI_Superintendent@nps.gov
2026-03-15,Ongoing Road Projects and Helene Recovery,16b85a09-3e09-4a62-2c08-08d4c7ad36e2,work-zone,['Blue Ridge Parkway'],northbound,"Parkway areas closed for ongoing road maintenance, construction, and Helene recovery projects. ",Blue Ridge Parkway,2024-05-21T17:35:21.355588Z,Blue Ridge Parkway,BLRI_Superintendent@nps.gov
2026-03-15,Tioga and Glacier Point Roads winter closure,16e33ae7-e71f-45ce-2e37-08d4c7ad36e2,incident,"['Tioga Road', 'Glacier Point Road']",eastbound,"Tioga Road (continuation of Highway 120 through the park), Glacier Point Road, and Mariposa Grove Road are closed due to snow. Snow is possible on other roads; be prepared for tire chain requirements and other road closures.",Yosemite National Park,2023-07-09T18:07:22.389219Z,Yosemite National Park,YOSE_Superintendent@nps.gov
2026-03-15,Tioga and Glacier Point Roads winter closure,16e33ae7-e71f-45ce-2e37-08d4c7ad36e2,incident,"['Tioga Road', 'Glacier Point Road']",westbound,"Tioga Road (continuation of Highway 120 through the park), Glacier Point Road, and Mariposa Grove Road are closed due to snow. Snow is possible on other roads; be prepared for tire chain requirements and other road closures.",Yosemite National Park,2023-07-09T18:07:22.389219Z,Yosemite National Park,YOSE_Superintendent@nps.gov
2026-03-15,Tioga and Glacier Point Roads winter closure,16e33ae7-e71f-45ce-2e37-08d4c7ad36e2,incident,"['Tioga Road', 'Glacier Point Road']",westbound,"Tioga Road (continuation of Highway 120 through the park), Glacier Point Road, and Mariposa Grove Road are closed due to snow. Snow is possible on other roads; be prepared for tire chain requirements and other road closures.",Yosemite National Park,2023-07-09T18:07:22.389219Z,Yosemite National Park,YOSE_Superintendent@nps.gov
2026-03-15,Tioga and Glacier Point Roads winter closure,16e33ae7-e71f-45ce-2e37-08d4c7ad36e2,incident,"['Tioga Road', 'Glacier Point Road']",eastbound,"Tioga Road (continuation of Highway 120 through the park), Glacier Point Road, and Mariposa Grove Road are closed due to snow. Snow is possible on other roads; be prepared for tire chain requirements and other road closures.",Yosemite National Park,2023-07-09T18:07:22.389219Z,Yosemite National Park,YOSE_Superintendent@nps.gov
2026-03-15,Tioga and Glacier Point Roads winter closure,16e33ae7-e71f-45ce-2e37-08d4c7ad36e2,incident,"['Tioga Road', 'Glacier Point Road']",eastbound,"Tioga Road (continuation of Highway 120 through the park), Glacier Point Road, and Mariposa Grove Road are closed due to snow. Snow is possible on other roads; be prepared for tire chain requirements and other road closures.",Yosemite National Park,2023-07-09T18:07:22.389219Z,Yosemite National Park,YOSE_Superintendent@nps.gov
2026-03-15,Tioga and Glacier Point Roads winter closure,16e33ae7-e71f-45ce-2e37-08d4c7ad36e2,incident,"['Tioga Road', 'Glacier Point Road']",westbound,"Tioga Road (continuation of Highway 120 through the park), Glacier Point Road, and Mariposa Grove Road are closed due to snow. Snow is possible on other roads; be prepared for tire chain requirements and other road closures.",Yosemite National Park,2023-07-09T18:07:22.389219Z,Yosemite National Park,YOSE_Superintendent@nps.gov
2026-03-15,Generals Highway Seasonal Closure Between Sequoia and Kings Canyon National Parks,44ada19c-0e53-4e96-2dd7-08d4c7ad36e2,incident,['Generals Highway'],eastbound,The section of Generals Highway between Lodgepole Village and Montecito Lodge is closed for the winter season. It is not possible to drive between Kings Canyon National Park and Sequoia National Park. The closed section usually reopens in late March.,Sequoia & Kings Canyon National Parks,2023-07-11T05:13:31.289306Z,Sequoia & Kings Canyon National Parks,SEKI_Superintendent@nps.gov
2026-03-15,Generals Highway Seasonal Closure Between Sequoia and Kings Canyon National Parks,44ada19c-0e53-4e96-2dd7-08d4c7ad36e2,incident,['Generals Highway'],westbound,The section of Generals Highway between Lodgepole Village and Montecito Lodge is closed for the winter season. It is not possible to drive between Kings Canyon National Park and Sequoia National Park. The closed section usually reopens in late March.,Sequoia & Kings Canyon National Parks,2023-07-11T05:13:31.289306Z,Sequoia & Kings Canyon National Parks,SEKI_Superintendent@nps.gov
2026-03-15,Generals Highway Seasonal Closure Between Sequoia and Kings Canyon National Parks,44ada19c-0e53-4e96-2dd7-08d4c7ad36e2,incident,['Generals Highway'],westbound,The section of Generals Highway between Lodgepole Village and Montecito Lodge is closed for the winter season. It is not possible to drive between Kings Canyon National Park and Sequoia National Park. The closed section usually reopens in late March.,Sequoia & Kings Canyon National Parks,2023-07-11T05:13:31.289306Z,Sequoia & Kings Canyon National Parks,SEKI_Superintendent@nps.gov
2026-03-15,Generals Highway Seasonal Closure Between Sequoia and Kings Canyon National Parks,44ada19c-0e53-4e96-2dd7-08d4c7ad36e2,incident,['Generals Highway'],eastbound,The section of Generals Highway between Lodgepole Village and Montecito Lodge is closed for the winter season. It is not possible to drive between Kings Canyon National Park and Sequoia National Park. The closed section usually reopens in late March.,Sequoia & Kings Canyon National Parks,2023-07-11T05:13:31.289306Z,Sequoia & Kings Canyon National Parks,SEKI_Superintendent@nps.gov
2026-03-15,Road Closures Related to Damage From Past Storm Events,44ada19c-0e53-4e96-2dd7-08d4c7ad36e2,incident,"['Middle Fork Road', 'Redwood Canyon Road', 'South Fork Road']",eastbound,"Re-opening dates unknown for these roads. Roads closed due to road damage: Middle Fork Road, Redwood Canyon Road, eastern end of South Fork Road.",Sequoia & Kings Canyon National Parks,2023-07-11T05:13:31.289306Z,Sequoia & Kings Canyon National Parks,SEKI_Superintendent@nps.gov
2026-03-15,Road Closures Related to Damage From Past Storm Events,44ada19c-0e53-4e96-2dd7-08d4c7ad36e2,incident,"['Middle Fork Road', 'Redwood Canyon Road', 'South Fork Road']",westbound,"Re-opening dates unknown for these roads. Roads closed due to road damage: Middle Fork Road, Redwood Canyon Road, eastern end of South Fork Road.",Sequoia & Kings Canyon National Parks,2023-07-11T05:13:31.289306Z,Sequoia & Kings Canyon National Parks,SEKI_Superintendent@nps.gov
2026-03-15,Road Closures Related to Damage From Past Storm Events,44ada19c-0e53-4e96-2dd7-08d4c7ad36e2,incident,"['Middle Fork Road', 'Redwood Canyon Road', 'South Fork Road']",southbound,"Re-opening dates unknown for these roads. Roads closed due to road damage: Middle Fork Road, Redwood Canyon Road, eastern end of South Fork Road.",Sequoia & Kings Canyon National Parks,2023-07-11T05:13:31.289306Z,Sequoia & Kings Canyon National Parks,SEKI_Superintendent@nps.gov
2026-03-15,Road Closures Related to Damage From Past Storm Events,44ada19c-0e53-4e96-2dd7-08d4c7ad36e2,incident,"['Middle Fork Road', 'Redwood Canyon Road', 'South Fork Road']",westbound,"Re-opening dates unknown for these roads. Roads closed due to road damage: Middle Fork Road, Redwood Canyon Road, eastern end of South Fork Road.",Sequoia & Kings Canyon National Parks,2023-07-11T05:13:31.289306Z,Sequoia & Kings Canyon National Parks,SEKI_Superintendent@nps.gov
2026-03-15,Road Closures Related to Damage From Past Storm Events,44ada19c-0e53-4e96-2dd7-08d4c7ad36e2,incident,"['Middle Fork Road', 'Redwood Canyon Road', 'South Fork Road']",westbound,"Re-opening dates unknown for these roads. Roads closed due to road damage: Middle Fork Road, Redwood Canyon Road, eastern end of South Fork Road.",Sequoia & Kings Canyon National Parks,2023-07-11T05:13:31.289306Z,Sequoia & Kings Canyon National Parks,SEKI_Superintendent@nps.gov
2026-03-15,Road Closures Related to Damage From Past Storm Events,44ada19c-0e53-4e96-2dd7-08d4c7ad36e2,incident,"['Middle Fork Road', 'Redwood Canyon Road', 'South Fork Road']",eastbound,"Re-opening dates unknown for these roads. Roads closed due to road damage: Middle Fork Road, Redwood Canyon Road, eastern end of South Fork Road.",Sequoia & Kings Canyon National Parks,2023-07-11T05:13:31.289306Z,Sequoia & Kings Canyon National Parks,SEKI_Superintendent@nps.gov
2026-03-15,Road Closures Related to Damage From Past Storm Events,44ada19c-0e53-4e96-2dd7-08d4c7ad36e2,incident,"['Middle Fork Road', 'Redwood Canyon Road', 'South Fork Road']",eastbound,"Re-opening dates unknown for these roads. Roads closed due to road damage: Middle Fork Road, Redwood Canyon Road, eastern end of South Fork Road.",Sequoia & Kings Canyon National Parks,2023-07-11T05:13:31.289306Z,Sequoia & Kings Canyon National Parks,SEKI_Superintendent@nps.gov
2026-03-15,Road Closures Related to Damage From Past Storm Events,44ada19c-0e53-4e96-2dd7-08d4c7ad36e2,incident,"['Middle Fork Road', 'Redwood Canyon Road', 'South Fork Road']",northbound,"Re-opening dates unknown for these roads. Roads closed due to road damage: Middle Fork Road, Redwood Canyon Road, eastern end of South Fork Road.",Sequoia & Kings Canyon National Parks,2023-07-11T05:13:31.289306Z,Sequoia & Kings Canyon National Parks,SEKI_Superintendent@nps.gov
2026-03-15,Road Closures Related to Road Damage From and/or Repairs Of Past Storm Events,44ada19c-0e53-4e96-2dd7-08d4c7ad36e2,incident,"['Middle Fork Road', 'Redwood Canyon Road', 'South Fork Road', 'Crystal Cave']",northbound,"Re-opening dates unknown for these roads. Roads closed due to road damage and/or repair work: Crystal Cave Road, Middle Fork Road, Redwood Canyon Road, all of South Fork Road inside Sequoia National Park",Sequoia & Kings Canyon National Parks,2023-07-11T05:13:31.289306Z,Sequoia & Kings Canyon National Parks,SEKI_Superintendent@nps.gov
2026-03-15,Road Closures Related to Road Damage From and/or Repairs Of Past Storm Events,44ada19c-0e53-4e96-2dd7-08d4c7ad36e2,incident,"['Middle Fork Road', 'Redwood Canyon Road', 'South Fork Road', 'Crystal Cave']",southbound,"Re-opening dates unknown for these roads. Roads closed due to road damage and/or repair work: Crystal Cave Road, Middle Fork Road, Redwood Canyon Road, all of South Fork Road inside Sequoia National Park",Sequoia & Kings Canyon National Parks,2023-07-11T05:13:31.289306Z,Sequoia & Kings Canyon National Parks,SEKI_Superintendent@nps.gov
2026-03-15,Road Closures Related to Road Damage From and/or Repairs Of Past Storm Events,44ada19c-0e53-4e96-2dd7-08d4c7ad36e2,incident,"['Middle Fork Road', 'Redwood Canyon Road', 'South Fork Road', 'Crystal Cave']",westbound,"Re-opening dates unknown for these roads. Roads closed due to road damage and/or repair work: Crystal Cave Road, Middle Fork Road, Redwood Canyon Road, all of South Fork Road inside Sequoia National Park",Sequoia & Kings Canyon National Parks,2023-07-11T05:13:31.289306Z,Sequoia & Kings Canyon National Parks,SEKI_Superintendent@nps.gov
2026-03-15,Road Closures Related to Road Damage From and/or Repairs Of Past Storm Events,44ada19c-0e53-4e96-2dd7-08d4c7ad36e2,incident,"['Middle Fork Road', 'Redwood Canyon Road', 'South Fork Road', 'Crystal Cave']",westbound,"Re-opening dates unknown for these roads. Roads closed due to road damage and/or repair work: Crystal Cave Road, Middle Fork Road, Redwood Canyon Road, all of South Fork Road inside Sequoia National Park",Sequoia & Kings Canyon National Parks,2023-07-11T05:13:31.289306Z,Sequoia & Kings Canyon National Parks,SEKI_Superintendent@nps.gov
2026-03-15,Road Closures Related to Road Damage From and/or Repairs Of Past Storm Events,44ada19c-0e53-4e96-2dd7-08d4c7ad36e2,incident,"['Middle Fork Road', 'Redwood Canyon Road', 'South Fork Road', 'Crystal Cave']",westbound,"Re-opening dates unknown for these roads. Roads closed due to road damage and/or repair work: Crystal Cave Road, Middle Fork Road, Redwood Canyon Road, all of South Fork Road inside Sequoia National Park",Sequoia & Kings Canyon National Parks,2023-07-11T05:13:31.289306Z,Sequoia & Kings Canyon National Parks,SEKI_Superintendent@nps.gov
2026-03-15,Road Closures Related to Road Damage From and/or Repairs Of Past Storm Events,44ada19c-0e53-4e96-2dd7-08d4c7ad36e2,incident,"['Middle Fork Road', 'Redwood Canyon Road', 'South Fork Road', 'Crystal Cave']",southbound,"Re-opening dates unknown for these roads. Roads closed due to road damage and/or repair work: Crystal Cave Road, Middle Fork Road, Redwood Canyon Road, all of South Fork Road inside Sequoia National Park",Sequoia & Kings Canyon National Parks,2023-07-11T05:13:31.289306Z,Sequoia & Kings Canyon National Parks,SEKI_Superintendent@nps.gov
2026-03-15,Road Closures Related to Road Damage From and/or Repairs Of Past Storm Events,44ada19c-0e53-4e96-2dd7-08d4c7ad36e2,incident,"['Middle Fork Road', 'Redwood Canyon Road', 'South Fork Road', 'Crystal Cave']",eastbound,"Re-opening dates unknown for these roads. Roads closed due to road damage and/or repair work: Crystal Cave Road, Middle Fork Road, Redwood Canyon Road, all of South Fork Road inside Sequoia National Park",Sequoia & Kings Canyon National Parks,2023-07-11T05:13:31.289306Z,Sequoia & Kings Canyon National Parks,SEKI_Superintendent@nps.gov
2026-03-15,Road Closures Related to Road Damage From and/or Repairs Of Past Storm Events,44ada19c-0e53-4e96-2dd7-08d4c7ad36e2,incident,"['Middle Fork Road', 'Redwood Canyon Road', 'South Fork Road', 'Crystal Cave']",eastbound,"Re-opening dates unknown for these roads. Roads closed due to road damage and/or repair work: Crystal Cave Road, Middle Fork Road, Redwood Canyon Road, all of South Fork Road inside Sequoia National Park",Sequoia & Kings Canyon National Parks,2023-07-11T05:13:31.289306Z,Sequoia & Kings Canyon National Parks,SEKI_Superintendent@nps.gov
2026-03-15,Road Closures Related to Road Damage From and/or Repairs Of Past Storm Events,44ada19c-0e53-4e96-2dd7-08d4c7ad36e2,incident,"['Middle Fork Road', 'Redwood Canyon Road', 'South Fork Road', 'Crystal Cave']",northbound,"Re-opening dates unknown for these roads. Roads closed due to road damage and/or repair work: Crystal Cave Road, Middle Fork Road, Redwood Canyon Road, all of South Fork Road inside Sequoia National Park",Sequoia & Kings Canyon National Parks,2023-07-11T05:13:31.289306Z,Sequoia & Kings Canyon National Parks,SEKI_Superintendent@nps.gov
2026-03-15,Road Closures Related to Road Damage From and/or Repairs Of Past Storm Events,44ada19c-0e53-4e96-2dd7-08d4c7ad36e2,incident,"['Middle Fork Road', 'Redwood Canyon Road', 'South Fork Road', 'Crystal Cave']",eastbound,"Re-opening dates unknown for these roads. Roads closed due to road damage and/or repair work: Crystal Cave Road, Middle Fork Road, Redwood Canyon Road, all of South Fork Road inside Sequoia National Park",Sequoia & Kings Canyon National Parks,2023-07-11T05:13:31.289306Z,Sequoia & Kings Canyon National Parks,SEKI_Superintendent@nps.gov
2026-03-15,Winter Seasonal Closures,44ada19c-0e53-4e96-2dd7-08d4c7ad36e2,incident,"['Mineral King Road', 'Highway 180 between Grant Grove and Cedar Grove', 'Panoramic Point Road', 'Main Sherman Tree Parking', 'Crescent Meadow Road', 'Moro Rock Road']",westbound,These roads are closed for a portion of each year due to snow and/or ice conditions. They are not maintained during the closure. Check locally to see which roads may be open for cross-country skiing or snowshoeing.,Sequoia & Kings Canyon National Parks,2023-07-11T05:13:31.289306Z,Sequoia & Kings Canyon National Parks,SEKI_Superintendent@nps.gov
2026-03-15,Winter Seasonal Closures,44ada19c-0e53-4e96-2dd7-08d4c7ad36e2,incident,"['Mineral King Road', 'Highway 180 between Grant Grove and Cedar Grove', 'Panoramic Point Road', 'Main Sherman Tree Parking', 'Crescent Meadow Road', 'Moro Rock Road']",westbound,These roads are closed for a portion of each year due to snow and/or ice conditions. They are not maintained during the closure. Check locally to see which roads may be open for cross-country skiing or snowshoeing.,Sequoia & Kings Canyon National Parks,2023-07-11T05:13:31.289306Z,Sequoia & Kings Canyon National Parks,SEKI_Superintendent@nps.gov
2026-03-15,Winter Seasonal Closures,44ada19c-0e53-4e96-2dd7-08d4c7ad36e2,incident,"['Mineral King Road', 'Highway 180 between Grant Grove and Cedar Grove', 'Panoramic Point Road', 'Main Sherman Tree Parking', 'Crescent Meadow Road', 'Moro Rock Road']",northbound,These roads are closed for a portion of each year due to snow and/or ice conditions. They are not maintained during the closure. Check locally to see which roads may be open for cross-country skiing or snowshoeing.,Sequoia & Kings Canyon National Parks,2023-07-11T05:13:31.289306Z,Sequoia & Kings Canyon National Parks,SEKI_Superintendent@nps.gov
2026-03-15,Winter Seasonal Closures,44ada19c-0e53-4e96-2dd7-08d4c7ad36e2,incident,"['Mineral King Road', 'Highway 180 between Grant Grove and Cedar Grove', 'Panoramic Point Road', 'Main Sherman Tree Parking', 'Crescent Meadow Road', 'Moro Rock Road']",southbound,These roads are closed for a portion of each year due to snow and/or ice conditions. They are not maintained during the closure. Check locally to see which roads may be open for cross-country skiing or snowshoeing.,Sequoia & Kings Canyon National Parks,2023-07-11T05:13:31.289306Z,Sequoia & Kings Canyon National Parks,SEKI_Superintendent@nps.gov
2026-03-15,Winter Seasonal Closures,44ada19c-0e53-4e96-2dd7-08d4c7ad36e2,incident,"['Mineral King Road', 'Highway 180 between Grant Grove and Cedar Grove', 'Panoramic Point Road', 'Main Sherman Tree Parking', 'Crescent Meadow Road', 'Moro Rock Road']",eastbound,These roads are closed for a portion of each year due to snow and/or ice conditions. They are not maintained during the closure. Check locally to see which roads may be open for cross-country skiing or snowshoeing.,Sequoia & Kings Canyon National Parks,2023-07-11T05:13:31.289306Z,Sequoia & Kings Canyon National Parks,SEKI_Superintendent@nps.gov
2026-03-15,Winter Seasonal Closures,44ada19c-0e53-4e96-2dd7-08d4c7ad36e2,incident,"['Mineral King Road', 'Highway 180 between Grant Grove and Cedar Grove', 'Panoramic Point Road', 'Main Sherman Tree Parking', 'Crescent Meadow Road', 'Moro Rock Road']",eastbound,These roads are closed for a portion of each year due to snow and/or ice conditions. They are not maintained during the closure. Check locally to see which roads may be open for cross-country skiing or snowshoeing.,Sequoia & Kings Canyon National Parks,2023-07-11T05:13:31.289306Z,Sequoia & Kings Canyon National Parks,SEKI_Superintendent@nps.gov
2026-03-15,Winter Seasonal Closures,44ada19c-0e53-4e96-2dd7-08d4c7ad36e2,incident,"['Mineral King Road', 'Highway 180 between Grant Grove and Cedar Grove', 'Panoramic Point Road', 'Main Sherman Tree Parking', 'Crescent Meadow Road', 'Moro Rock Road']",eastbound,These roads are closed for a portion of each year due to snow and/or ice conditions. They are not maintained during the closure. Check locally to see which roads may be open for cross-country skiing or snowshoeing.,Sequoia & Kings Canyon National Parks,2023-07-11T05:13:31.289306Z,Sequoia & Kings Canyon National Parks,SEKI_Superintendent@nps.gov
2026-03-15,Winter Seasonal Closures,44ada19c-0e53-4e96-2dd7-08d4c7ad36e2,incident,"['Mineral King Road', 'Highway 180 between Grant Grove and Cedar Grove', 'Panoramic Point Road', 'Main Sherman Tree Parking', 'Crescent Meadow Road', 'Moro Rock Road']",eastbound,These roads are closed for a portion of each year due to snow and/or ice conditions. They are not maintained during the closure. Check locally to see which roads may be open for cross-country skiing or snowshoeing.,Sequoia & Kings Canyon National Parks,2023-07-11T05:13:31.289306Z,Sequoia & Kings Canyon National Parks,SEKI_Superintendent@nps.gov
2026-03-15,Winter Seasonal Closures,44ada19c-0e53-4e96-2dd7-08d4c7ad36e2,incident,"['Mineral King Road', 'Highway 180 between Grant Grove and Cedar Grove', 'Panoramic Point Road', 'Main Sherman Tree Parking', 'Crescent Meadow Road', 'Moro Rock Road']",westbound,These roads are closed for a portion of each year due to snow and/or ice conditions. They are not maintained during the closure. Check locally to see which roads may be open for cross-country skiing or snowshoeing.,Sequoia & Kings Canyon National Parks,2023-07-11T05:13:31.289306Z,Sequoia & Kings Canyon National Parks,SEKI_Superintendent@nps.gov
2026-03-15,Winter Seasonal Closures,44ada19c-0e53-4e96-2dd7-08d4c7ad36e2,incident,"['Mineral King Road', 'Highway 180 between Grant Grove and Cedar Grove', 'Panoramic Point Road', 'Main Sherman Tree Parking', 'Crescent Meadow Road', 'Moro Rock Road']",southbound,These roads are closed for a portion of each year due to snow and/or ice conditions. They are not maintained during the closure. Check locally to see which roads may be open for cross-country skiing or snowshoeing.,Sequoia & Kings Canyon National Parks,2023-07-11T05:13:31.289306Z,Sequoia & Kings Canyon National Parks,SEKI_Superintendent@nps.gov
2026-03-15,Winter Seasonal Closures,44ada19c-0e53-4e96-2dd7-08d4c7ad36e2,incident,"['Mineral King Road', 'Highway 180 between Grant Grove and Cedar Grove', 'Panoramic Point Road', 'Main Sherman Tree Parking', 'Crescent Meadow Road', 'Moro Rock Road']",westbound,These roads are closed for a portion of each year due to snow and/or ice conditions. They are not maintained during the closure. Check locally to see which roads may be open for cross-country skiing or snowshoeing.,Sequoia & Kings Canyon National Parks,2023-07-11T05:13:31.289306Z,Sequoia & Kings Canyon National Parks,SEKI_Superintendent@nps.gov
2026-03-15,Winter Seasonal Closures,44ada19c-0e53-4e96-2dd7-08d4c7ad36e2,incident,"['Mineral King Road', 'Highway 180 between Grant Grove and Cedar Grove', 'Panoramic Point Road', 'Main Sherman Tree Parking', 'Crescent Meadow Road', 'Moro Rock Road']",eastbound,These roads are closed for a portion of each year due to snow and/or ice conditions. They are not maintained during the closure. Check locally to see which roads may be open for cross-country skiing or snowshoeing.,Sequoia & Kings Canyon National Parks,2023-07-11T05:13:31.289306Z,Sequoia & Kings Canyon National Parks,SEKI_Superintendent@nps.gov
2026-03-15,Winter Seasonal Closures,44ada19c-0e53-4e96-2dd7-08d4c7ad36e2,incident,"['Mineral King Road', 'Highway 180 between Grant Grove and Cedar Grove', 'Panoramic Point Road', 'Main Sherman Tree Parking', 'Crescent Meadow Road', 'Moro Rock Road']",westbound,These roads are closed for a portion of each year due to snow and/or ice conditions. They are not maintained during the closure. Check locally to see which roads may be open for cross-country skiing or snowshoeing.,Sequoia & Kings Canyon National Parks,2023-07-11T05:13:31.289306Z,Sequoia & Kings Canyon National Parks,SEKI_Superintendent@nps.gov
2026-03-15,Winter Seasonal Closures,44ada19c-0e53-4e96-2dd7-08d4c7ad36e2,incident,"['Mineral King Road', 'Highway 180 between Grant Grove and Cedar Grove', 'Panoramic Point Road', 'Main Sherman Tree Parking', 'Crescent Meadow Road', 'Moro Rock Road']",eastbound,These roads are closed for a portion of each year due to snow and/or ice conditions. They are not maintained during the closure. Check locally to see which roads may be open for cross-country skiing or snowshoeing.,Sequoia & Kings Canyon National Parks,2023-07-11T05:13:31.289306Z,Sequoia & Kings Canyon National Parks,SEKI_Superintendent@nps.gov
2026-03-15,Winter Seasonal Closures,44ada19c-0e53-4e96-2dd7-08d4c7ad36e2,incident,"['Mineral King Road', 'Highway 180 between Grant Grove and Cedar Grove', 'Panoramic Point Road', 'Main Sherman Tree Parking', 'Crescent Meadow Road', 'Moro Rock Road']",westbound,These roads are closed for a portion of each year due to snow and/or ice conditions. They are not maintained during the closure. Check locally to see which roads may be open for cross-country skiing or snowshoeing.,Sequoia & Kings Canyon National Parks,2023-07-11T05:13:31.289306Z,Sequoia & Kings Canyon National Parks,SEKI_Superintendent@nps.gov
2026-03-15,Winter Seasonal Closures,44ada19c-0e53-4e96-2dd7-08d4c7ad36e2,incident,"['Mineral King Road', 'Highway 180 between Grant Grove and Cedar Grove', 'Panoramic Point Road', 'Main Sherman Tree Parking', 'Crescent Meadow Road', 'Moro Rock Road']",eastbound,These roads are closed for a portion of each year due to snow and/or ice conditions. They are not maintained during the closure. Check locally to see which roads may be open for cross-country skiing or snowshoeing.,Sequoia & Kings Canyon National Parks,2023-07-11T05:13:31.289306Z,Sequoia & Kings Canyon National Parks,SEKI_Superintendent@nps.gov
2026-03-15,Winter Seasonal Closures,44ada19c-0e53-4e96-2dd7-08d4c7ad36e2,incident,"['Mineral King Road', 'Highway 180 between Grant Grove and Cedar Grove', 'Panoramic Point Road', 'Main Sherman Tree Parking', 'Crescent Meadow Road', 'Moro Rock Road']",westbound,These roads are closed for a portion of each year due to snow and/or ice conditions. They are not maintained during the closure. Check locally to see which roads may be open for cross-country skiing or snowshoeing.,Sequoia & Kings Canyon National Parks,2023-07-11T05:13:31.289306Z,Sequoia & Kings Canyon National Parks,SEKI_Superintendent@nps.gov
2026-03-15,Winter Seasonal Closures,44ada19c-0e53-4e96-2dd7-08d4c7ad36e2,incident,"['Mineral King Road', 'Highway 180 between Grant Grove and Cedar Grove', 'Panoramic Point Road', 'Main Sherman Tree Parking', 'Crescent Meadow Road', 'Moro Rock Road']",westbound,These roads are closed for a portion of each year due to snow and/or ice conditions. They are not maintained during the closure. Check locally to see which roads may be open for cross-country skiing or snowshoeing.,Sequoia & Kings Canyon National Parks,2023-07-11T05:13:31.289306Z,Sequoia & Kings Canyon National Parks,SEKI_Superintendent@nps.gov
2026-03-15,Winter Seasonal Closures,44ada19c-0e53-4e96-2dd7-08d4c7ad36e2,incident,"['Mineral King Road', 'Highway 180 between Grant Grove and Cedar Grove', 'Panoramic Point Road', 'Main Sherman Tree Parking', 'Crescent Meadow Road', 'Moro Rock Road']",northbound,These roads are closed for a portion of each year due to snow and/or ice conditions. They are not maintained during the closure. Check locally to see which roads may be open for cross-country skiing or snowshoeing.,Sequoia & Kings Canyon National Parks,2023-07-11T05:13:31.289306Z,Sequoia & Kings Canyon National Parks,SEKI_Superintendent@nps.gov
2026-03-15,Winter Seasonal Closures,44ada19c-0e53-4e96-2dd7-08d4c7ad36e2,incident,"['Mineral King Road', 'Highway 180 between Grant Grove and Cedar Grove', 'Panoramic Point Road', 'Main Sherman Tree Parking', 'Crescent Meadow Road', 'Moro Rock Road']",eastbound,These roads are closed for a portion of each year due to snow and/or ice conditions. They are not maintained during the closure. Check locally to see which roads may be open for cross-country skiing or snowshoeing.,Sequoia & Kings Canyon National Parks,2023-07-11T05:13:31.289306Z,Sequoia & Kings Canyon National Parks,SEKI_Superintendent@nps.gov
2026-03-15,SR165 Carbon River/Fairfax Bridge Closed,5678c152-a38a-4079-2d46-08d4c7ad36e2,work-zone,"['Carbon River Entrance', 'Mowich Lake Road']",westbound,"WSDOT has closed SR165 Carbon River Fairfax Bridge to all vehicles, pedestrian, & bicycle traffic until further notice. No access to Carbon River or Mowich Lake by road.",Mount Rainier,2024-10-16T15:05:57.881512Z,Mount Rainier,MORA_Superintendent@nps.gov
2026-03-15,SR165 Carbon River/Fairfax Bridge Closed,5678c152-a38a-4079-2d46-08d4c7ad36e2,work-zone,"['Carbon River Entrance', 'Mowich Lake Road']",eastbound,"WSDOT has closed SR165 Carbon River Fairfax Bridge to all vehicles, pedestrian, & bicycle traffic until further notice. No access to Carbon River or Mowich Lake by road.",Mount Rainier,2024-10-16T15:05:57.881512Z,Mount Rainier,MORA_Superintendent@nps.gov
2026-03-15,South Woolum Road Closure,5ed0ce93-fb16-4f86-2c14-08d4c7ad36e2,incident,['South Woolum Road'],eastbound,Road conditions have deteriorated to hazardous conditions. Road closed until further notice.,Buffalo National River,2024-02-12T16:18:05.933206Z,Buffalo National River,BUFF_Superintendent@nps.gov
2026-03-15,South Woolum Road Closure,5ed0ce93-fb16-4f86-2c14-08d4c7ad36e2,incident,['South Woolum Road'],westbound,Road conditions have deteriorated to hazardous conditions. Road closed until further notice.,Buffalo National River,2024-02-12T16:18:05.933206Z,Buffalo National River,BUFF_Superintendent@nps.gov
2026-03-15,Dredging at Mansfield Channel; Mile 55-60 of South Beach Closed,68831cb3-8637-4de8-2d8b-08d4c7ad36e2,work-zone,"['South Beach', 'MM58 to MM60']",southbound,"Starting January 18, 2026, access to the beach between Mile Markers 55 and 60 will be restricted as the US Army Corps of Engineers dredge the Mansfield Channel and place the dredged materials on land. ",Padre Island National Seashore,2023-11-22T18:08:21.325183Z,Padre Island National Seashore,PAIS_Superintendent@nps.gov
2026-03-15,Dredging at Mansfield Channel; Mile 55-60 of South Beach Closed,68831cb3-8637-4de8-2d8b-08d4c7ad36e2,work-zone,"['South Beach', 'MM58 to MM60']",northbound,"Starting January 18, 2026, access to the beach between Mile Markers 55 and 60 will be restricted as the US Army Corps of Engineers dredge the Mansfield Channel and place the dredged materials on land. ",Padre Island National Seashore,2023-11-22T18:08:21.325183Z,Padre Island National Seashore,PAIS_Superintendent@nps.gov
2026-03-15,North Rim Roads Are Closed by the Dragon Bravo Wildfire,78fa5df3-810d-422e-2cb9-08d4c7ad36e2,incident,"['State Route 67', 'Cape Royal Scenic Road', 'Point Imperial Scenic Road']",southbound,"The North Rim is closed for the remainder of the 2025 season because of damage and losses caused by the Dragon Bravo Wildfire. This closure includes all lodging, visitor services, developed facilities and roads. ",Grand Canyon National Park,2024-03-31T11:08:56.040039Z,Grand Canyon National Park,GRCA_Superintendent@nps.gov
2026-03-15,North Rim Roads Are Closed by the Dragon Bravo Wildfire,78fa5df3-810d-422e-2cb9-08d4c7ad36e2,incident,"['State Route 67', 'Cape Royal Scenic Road', 'Point Imperial Scenic Road']",eastbound,"The North Rim is closed for the remainder of the 2025 season because of damage and losses caused by the Dragon Bravo Wildfire. This closure includes all lodging, visitor services, developed facilities and roads. ",Grand Canyon National Park,2024-03-31T11:08:56.040039Z,Grand Canyon National Park,GRCA_Superintendent@nps.gov
2026-03-15,North Rim Roads Are Closed by the Dragon Bravo Wildfire,78fa5df3-810d-422e-2cb9-08d4c7ad36e2,incident,"['State Route 67', 'Cape Royal Scenic Road', 'Point Imperial Scenic Road']",westbound,"The North Rim is closed for the remainder of the 2025 season because of damage and losses caused by the Dragon Bravo Wildfire. This closure includes all lodging, visitor services, developed facilities and roads. ",Grand Canyon National Park,2024-03-31T11:08:56.040039Z,Grand Canyon National Park,GRCA_Superintendent@nps.gov
2026-03-15,North Rim Roads Are Closed by the Dragon Bravo Wildfire,78fa5df3-810d-422e-2cb9-08d4c7ad36e2,incident,"['State Route 67', 'Cape Royal Scenic Road', 'Point Imperial Scenic Road']",northbound,"The North Rim is closed for the remainder of the 2025 season because of damage and losses caused by the Dragon Bravo Wildfire. This closure includes all lodging, visitor services, developed facilities and roads. ",Grand Canyon National Park,2024-03-31T11:08:56.040039Z,Grand Canyon National Park,GRCA_Superintendent@nps.gov
2026-03-15,North Rim Roads Are Closed by the Dragon Bravo Wildfire,78fa5df3-810d-422e-2cb9-08d4c7ad36e2,incident,"['State Route 67', 'Cape Royal Scenic Road', 'Point Imperial Scenic Road']",eastbound,"The North Rim is closed for the remainder of the 2025 season because of damage and losses caused by the Dragon Bravo Wildfire. This closure includes all lodging, visitor services, developed facilities and roads. ",Grand Canyon National Park,2024-03-31T11:08:56.040039Z,Grand Canyon National Park,GRCA_Superintendent@nps.gov
2026-03-15,North Rim Roads Are Closed by the Dragon Bravo Wildfire,78fa5df3-810d-422e-2cb9-08d4c7ad36e2,incident,"['State Route 67', 'Cape Royal Scenic Road', 'Point Imperial Scenic Road']",westbound,"The North Rim is closed for the remainder of the 2025 season because of damage and losses caused by the Dragon Bravo Wildfire. This closure includes all lodging, visitor services, developed facilities and roads. ",Grand Canyon National Park,2024-03-31T11:08:56.040039Z,Grand Canyon National Park,GRCA_Superintendent@nps.gov
2026-03-15,Akers Ferry Closure,8138990c-9d3f-4856-2d87-08d4c7ad36e2,work-zone,['State Highway K'],southbound,The Akers Ferry on State Highway K will be out of service until further notice.,Ozark National Scenic Riverways,2024-03-05T15:31:31.090197Z,Ozark National Scenic Riverways,OZAR_Superintendent@nps.gov
2026-03-15,Akers Ferry Closure,8138990c-9d3f-4856-2d87-08d4c7ad36e2,work-zone,['State Highway K'],northbound,The Akers Ferry on State Highway K will be out of service until further notice.,Ozark National Scenic Riverways,2024-03-05T15:31:31.090197Z,Ozark National Scenic Riverways,OZAR_Superintendent@nps.gov
2026-03-15,Williams Ranch Road Closure,a44eadde-41ec-4499-2cc7-08d4c7ad36e2,incident,['Williams Ranch Rd.'],northbound,Road closed due to severe flood damage.,Guadalupe Mountains National Park,2024-02-01T22:37:14.353738Z,Guadalupe Mountains National Park,GUMO_Superintendent@nps.gov
2026-03-15,Williams Ranch Road Closure,a44eadde-41ec-4499-2cc7-08d4c7ad36e2,incident,['Williams Ranch Rd.'],southbound,Road closed due to severe flood damage.,Guadalupe Mountains National Park,2024-02-01T22:37:14.353738Z,Guadalupe Mountains National Park,GUMO_Superintendent@nps.gov
2026-03-15,Eastern Front Tour Road south of Route 36 - Closed,a73d3413-90d3-42aa-2d91-08d4c7ad36e2,incident,['Eastern Front Tour Road (Siege Road)'],eastbound,The Eastern Front Tour Road south of Route 36 is closed to all vehicles due to a sinkhole near Harrison Creek (stop 4). Walkers and bicyclist are allowed to use the road. Use caution in the Harrison Creek area,Petersburg,2025-09-10T16:04:42.250252Z,Petersburg,pete_Superintendent@nps.gov
2026-03-15,Eastern Front Tour Road south of Route 36 - Closed,a73d3413-90d3-42aa-2d91-08d4c7ad36e2,incident,['Eastern Front Tour Road (Siege Road)'],northbound,The Eastern Front Tour Road south of Route 36 is closed to all vehicles due to a sinkhole near Harrison Creek (stop 4). Walkers and bicyclist are allowed to use the road. Use caution in the Harrison Creek area,Petersburg,2025-09-10T16:04:42.250252Z,Petersburg,pete_Superintendent@nps.gov
2026-03-15,Eastern Front Tour Road south of Route 36 - Closed,a73d3413-90d3-42aa-2d91-08d4c7ad36e2,incident,['Eastern Front Tour Road (Siege Road)'],southbound,The Eastern Front Tour Road south of Route 36 is closed to all vehicles due to a sinkhole near Harrison Creek (stop 4). Walkers and bicyclist are allowed to use the road. Use caution in the Harrison Creek area,Petersburg,2025-09-10T16:04:42.250252Z,Petersburg,pete_Superintendent@nps.gov
2026-03-15,Eastern Front Tour Road south of Route 36 - Closed,a73d3413-90d3-42aa-2d91-08d4c7ad36e2,incident,['Eastern Front Tour Road (Siege Road)'],southbound,The Eastern Front Tour Road south of Route 36 is closed to all vehicles due to a sinkhole near Harrison Creek (stop 4). Walkers and bicyclist are allowed to use the road. Use caution in the Harrison Creek area,Petersburg,2025-09-10T16:04:42.250252Z,Petersburg,pete_Superintendent@nps.gov
2026-03-15,Eastern Front Tour Road south of Route 36 - Closed,a73d3413-90d3-42aa-2d91-08d4c7ad36e2,incident,['Eastern Front Tour Road (Siege Road)'],eastbound,The Eastern Front Tour Road south of Route 36 is closed to all vehicles due to a sinkhole near Harrison Creek (stop 4). Walkers and bicyclist are allowed to use the road. Use caution in the Harrison Creek area,Petersburg,2025-09-10T16:04:42.250252Z,Petersburg,pete_Superintendent@nps.gov
2026-03-15,Eastern Front Tour Road south of Route 36 - Closed,a73d3413-90d3-42aa-2d91-08d4c7ad36e2,incident,['Eastern Front Tour Road (Siege Road)'],northbound,The Eastern Front Tour Road south of Route 36 is closed to all vehicles due to a sinkhole near Harrison Creek (stop 4). Walkers and bicyclist are allowed to use the road. Use caution in the Harrison Creek area,Petersburg,2025-09-10T16:04:42.250252Z,Petersburg,pete_Superintendent@nps.gov
2026-03-15,Eastern Front Tour Road south of Route 36 - Closed,a73d3413-90d3-42aa-2d91-08d4c7ad36e2,incident,['Eastern Front Tour Road (Siege Road)'],westbound,The Eastern Front Tour Road south of Route 36 is closed to all vehicles due to a sinkhole near Harrison Creek (stop 4). Walkers and bicyclist are allowed to use the road. Use caution in the Harrison Creek area,Petersburg,2025-09-10T16:04:42.250252Z,Petersburg,pete_Superintendent@nps.gov
2026-03-15,Eastern Front Tour Road south of Route 36 - Closed,a73d3413-90d3-42aa-2d91-08d4c7ad36e2,incident,['Eastern Front Tour Road (Siege Road)'],southbound,The Eastern Front Tour Road south of Route 36 is closed to all vehicles due to a sinkhole near Harrison Creek (stop 4). Walkers and bicyclist are allowed to use the road. Use caution in the Harrison Creek area,Petersburg,2025-09-10T16:04:42.250252Z,Petersburg,pete_Superintendent@nps.gov
2026-03-15,Eastern Front Tour Road south of Route 36 - Closed,a73d3413-90d3-42aa-2d91-08d4c7ad36e2,incident,['Eastern Front Tour Road (Siege Road)'],westbound,The Eastern Front Tour Road south of Route 36 is closed to all vehicles due to a sinkhole near Harrison Creek (stop 4). Walkers and bicyclist are allowed to use the road. Use caution in the Harrison Creek area,Petersburg,2025-09-10T16:04:42.250252Z,Petersburg,pete_Superintendent@nps.gov
2026-03-15,Eastern Front Tour Road south of Route 36 - Closed,a73d3413-90d3-42aa-2d91-08d4c7ad36e2,incident,['Eastern Front Tour Road (Siege Road)'],westbound,The Eastern Front Tour Road south of Route 36 is closed to all vehicles due to a sinkhole near Harrison Creek (stop 4). Walkers and bicyclist are allowed to use the road. Use caution in the Harrison Creek area,Petersburg,2025-09-10T16:04:42.250252Z,Petersburg,pete_Superintendent@nps.gov
2026-03-15,Eastern Front Tour Road south of Route 36 - Closed,a73d3413-90d3-42aa-2d91-08d4c7ad36e2,incident,['Eastern Front Tour Road (Siege Road)'],eastbound,The Eastern Front Tour Road south of Route 36 is closed to all vehicles due to a sinkhole near Harrison Creek (stop 4). Walkers and bicyclist are allowed to use the road. Use caution in the Harrison Creek area,Petersburg,2025-09-10T16:04:42.250252Z,Petersburg,pete_Superintendent@nps.gov
2026-03-15,Eastern Front Tour Road south of Route 36 - Closed,a73d3413-90d3-42aa-2d91-08d4c7ad36e2,incident,['Eastern Front Tour Road (Siege Road)'],westbound,The Eastern Front Tour Road south of Route 36 is closed to all vehicles due to a sinkhole near Harrison Creek (stop 4). Walkers and bicyclist are allowed to use the road. Use caution in the Harrison Creek area,Petersburg,2025-09-10T16:04:42.250252Z,Petersburg,pete_Superintendent@nps.gov
2026-03-15,Eastern Front Tour Road south of Route 36 - Closed,a73d3413-90d3-42aa-2d91-08d4c7ad36e2,incident,['Eastern Front Tour Road (Siege Road)'],eastbound,The Eastern Front Tour Road south of Route 36 is closed to all vehicles due to a sinkhole near Harrison Creek (stop 4). Walkers and bicyclist are allowed to use the road. Use caution in the Harrison Creek area,Petersburg,2025-09-10T16:04:42.250252Z,Petersburg,pete_Superintendent@nps.gov
2026-03-15,Eastern Front Tour Road south of Route 36 - Closed,a73d3413-90d3-42aa-2d91-08d4c7ad36e2,incident,['Eastern Front Tour Road (Siege Road)'],southbound,The Eastern Front Tour Road south of Route 36 is closed to all vehicles due to a sinkhole near Harrison Creek (stop 4). Walkers and bicyclist are allowed to use the road. Use caution in the Harrison Creek area,Petersburg,2025-09-10T16:04:42.250252Z,Petersburg,pete_Superintendent@nps.gov
2026-03-15,Eastern Front Tour Road south of Route 36 - Closed,a73d3413-90d3-42aa-2d91-08d4c7ad36e2,incident,['Eastern Front Tour Road (Siege Road)'],northbound,The Eastern Front Tour Road south of Route 36 is closed to all vehicles due to a sinkhole near Harrison Creek (stop 4). Walkers and bicyclist are allowed to use the road. Use caution in the Harrison Creek area,Petersburg,2025-09-10T16:04:42.250252Z,Petersburg,pete_Superintendent@nps.gov
2026-03-15,Eastern Front Tour Road south of Route 36 - Closed,a73d3413-90d3-42aa-2d91-08d4c7ad36e2,incident,['Eastern Front Tour Road (Siege Road)'],northbound,The Eastern Front Tour Road south of Route 36 is closed to all vehicles due to a sinkhole near Harrison Creek (stop 4). Walkers and bicyclist are allowed to use the road. Use caution in the Harrison Creek area,Petersburg,2025-09-10T16:04:42.250252Z,Petersburg,pete_Superintendent@nps.gov
2026-03-15,Old 284 closed to all traffic near Cataloochee,aa43d898-6fea-4d90-2cc1-08d4c7ad36e2,incident,['Old 284'],northbound,Old 284 is closed from Cataloochee Creek to Cataloochee Valley due to bridge damage.,Great Smoky Mountains National Park,2024-02-08T16:39:15.518939Z,Great Smoky Mountains National Park,GRSM_Superintendent@nps.gov
2026-03-15,Road Closed,aa43d898-6fea-4d90-2cc1-08d4c7ad36e2,incident,['Straight Fork and Balsam Mtn Road Closed'],southbound,Straight Fork and Balsam Mtn Road closed.,Great Smoky Mountains National Park,2024-02-08T16:39:15.518939Z,Great Smoky Mountains National Park,GRSM_Superintendent@nps.gov
2026-03-15,Road Closed,aa43d898-6fea-4d90-2cc1-08d4c7ad36e2,incident,['Straight Fork and Balsam Mtn Road Closed'],southbound,Straight Fork and Balsam Mtn Road closed.,Great Smoky Mountains National Park,2024-02-08T16:39:15.518939Z,Great Smoky Mountains National Park,GRSM_Superintendent@nps.gov
2026-03-15,Road Closed,aa43d898-6fea-4d90-2cc1-08d4c7ad36e2,incident,['Straight Fork and Balsam Mtn Road Closed'],northbound,Straight Fork and Balsam Mtn Road closed.,Great Smoky Mountains National Park,2024-02-08T16:39:15.518939Z,Great Smoky Mountains National Park,GRSM_Superintendent@nps.gov
2026-03-15,Road Closed,aa43d898-6fea-4d90-2cc1-08d4c7ad36e2,incident,['Straight Fork and Balsam Mtn Road Closed'],northbound,Straight Fork and Balsam Mtn Road closed.,Great Smoky Mountains National Park,2024-02-08T16:39:15.518939Z,Great Smoky Mountains National Park,GRSM_Superintendent@nps.gov
2026-03-15,Seasonal road closures,aa43d898-6fea-4d90-2cc1-08d4c7ad36e2,incident,"['Parson Branch', 'Rich Mountain', 'Heintooga Ridge Road', 'Roaring Fork', 'Kuwohi']",southbound,Closed for the season.,Great Smoky Mountains National Park,2024-02-08T16:39:15.518939Z,Great Smoky Mountains National Park,GRSM_Superintendent@nps.gov
2026-03-15,Seasonal road closures,aa43d898-6fea-4d90-2cc1-08d4c7ad36e2,incident,"['Parson Branch', 'Rich Mountain', 'Heintooga Ridge Road', 'Roaring Fork', 'Kuwohi']",westbound,Closed for the season.,Great Smoky Mountains National Park,2024-02-08T16:39:15.518939Z,Great Smoky Mountains National Park,GRSM_Superintendent@nps.gov
2026-03-15,Seasonal road closures,aa43d898-6fea-4d90-2cc1-08d4c7ad36e2,incident,"['Parson Branch', 'Rich Mountain', 'Heintooga Ridge Road', 'Roaring Fork', 'Kuwohi']",eastbound,Closed for the season.,Great Smoky Mountains National Park,2024-02-08T16:39:15.518939Z,Great Smoky Mountains National Park,GRSM_Superintendent@nps.gov
2026-03-15,Seasonal road closures,aa43d898-6fea-4d90-2cc1-08d4c7ad36e2,incident,"['Parson Branch', 'Rich Mountain', 'Heintooga Ridge Road', 'Roaring Fork', 'Kuwohi']",southbound,Closed for the season.,Great Smoky Mountains National Park,2024-02-08T16:39:15.518939Z,Great Smoky Mountains National Park,GRSM_Superintendent@nps.gov
2026-03-15,Seasonal road closures,aa43d898-6fea-4d90-2cc1-08d4c7ad36e2,incident,"['Parson Branch', 'Rich Mountain', 'Heintooga Ridge Road', 'Roaring Fork', 'Kuwohi']",eastbound,Closed for the season.,Great Smoky Mountains National Park,2024-02-08T16:39:15.518939Z,Great Smoky Mountains National Park,GRSM_Superintendent@nps.gov
2026-03-15,Seasonal road closures,aa43d898-6fea-4d90-2cc1-08d4c7ad36e2,incident,"['Parson Branch', 'Rich Mountain', 'Heintooga Ridge Road', 'Roaring Fork', 'Kuwohi']",eastbound,Closed for the season.,Great Smoky Mountains National Park,2024-02-08T16:39:15.518939Z,Great Smoky Mountains National Park,GRSM_Superintendent@nps.gov
2026-03-15,Seasonal road closures,aa43d898-6fea-4d90-2cc1-08d4c7ad36e2,incident,"['Parson Branch', 'Rich Mountain', 'Heintooga Ridge Road', 'Roaring Fork', 'Kuwohi']",southbound,Closed for the season.,Great Smoky Mountains National Park,2024-02-08T16:39:15.518939Z,Great Smoky Mountains National Park,GRSM_Superintendent@nps.gov
2026-03-15,Seasonal road closures,aa43d898-6fea-4d90-2cc1-08d4c7ad36e2,incident,"['Parson Branch', 'Rich Mountain', 'Heintooga Ridge Road', 'Roaring Fork', 'Kuwohi']",eastbound,Closed for the season.,Great Smoky Mountains National Park,2024-02-08T16:39:15.518939Z,Great Smoky Mountains National Park,GRSM_Superintendent@nps.gov
2026-03-15,Seasonal road closures,aa43d898-6fea-4d90-2cc1-08d4c7ad36e2,incident,"['Parson Branch', 'Rich Mountain', 'Heintooga Ridge Road', 'Roaring Fork', 'Kuwohi']",westbound,Closed for the season.,Great Smoky Mountains National Park,2024-02-08T16:39:15.518939Z,Great Smoky Mountains National Park,GRSM_Superintendent@nps.gov
2026-03-15,Seasonal road closures,aa43d898-6fea-4d90-2cc1-08d4c7ad36e2,incident,"['Parson Branch', 'Rich Mountain', 'Heintooga Ridge Road', 'Roaring Fork', 'Kuwohi']",northbound,Closed for the season.,Great Smoky Mountains National Park,2024-02-08T16:39:15.518939Z,Great Smoky Mountains National Park,GRSM_Superintendent@nps.gov
2026-03-15,Seasonal road closures,aa43d898-6fea-4d90-2cc1-08d4c7ad36e2,incident,"['Parson Branch', 'Rich Mountain', 'Heintooga Ridge Road', 'Roaring Fork', 'Kuwohi']",westbound,Closed for the season.,Great Smoky Mountains National Park,2024-02-08T16:39:15.518939Z,Great Smoky Mountains National Park,GRSM_Superintendent@nps.gov
2026-03-15,Seasonal road closures,aa43d898-6fea-4d90-2cc1-08d4c7ad36e2,incident,"['Parson Branch', 'Rich Mountain', 'Heintooga Ridge Road', 'Roaring Fork', 'Kuwohi']",northbound,Closed for the season.,Great Smoky Mountains National Park,2024-02-08T16:39:15.518939Z,Great Smoky Mountains National Park,GRSM_Superintendent@nps.gov
2026-03-15,Seasonal road closures,aa43d898-6fea-4d90-2cc1-08d4c7ad36e2,incident,"['Parson Branch', 'Rich Mountain', 'Heintooga Ridge Road', 'Roaring Fork', 'Kuwohi']",westbound,Closed for the season.,Great Smoky Mountains National Park,2024-02-08T16:39:15.518939Z,Great Smoky Mountains National Park,GRSM_Superintendent@nps.gov
2026-03-15,Seasonal road closures,aa43d898-6fea-4d90-2cc1-08d4c7ad36e2,incident,"['Parson Branch', 'Rich Mountain', 'Heintooga Ridge Road', 'Roaring Fork', 'Kuwohi']",northbound,Closed for the season.,Great Smoky Mountains National Park,2024-02-08T16:39:15.518939Z,Great Smoky Mountains National Park,GRSM_Superintendent@nps.gov
2026-03-15,Seasonal road closures,aa43d898-6fea-4d90-2cc1-08d4c7ad36e2,incident,"['Parson Branch', 'Rich Mountain', 'Heintooga Ridge Road', 'Roaring Fork', 'Kuwohi']",eastbound,Closed for the season.,Great Smoky Mountains National Park,2024-02-08T16:39:15.518939Z,Great Smoky Mountains National Park,GRSM_Superintendent@nps.gov
2026-03-15,Seasonal road closures,aa43d898-6fea-4d90-2cc1-08d4c7ad36e2,incident,"['Parson Branch', 'Rich Mountain', 'Heintooga Ridge Road', 'Roaring Fork', 'Kuwohi']",westbound,Closed for the season.,Great Smoky Mountains National Park,2024-02-08T16:39:15.518939Z,Great Smoky Mountains National Park,GRSM_Superintendent@nps.gov
2026-03-15,Sparks Lane closed due to high water.,aa43d898-6fea-4d90-2cc1-08d4c7ad36e2,incident,['Sparks Lane '],westbound,Sparks Lane closed due to high water.,Great Smoky Mountains National Park,2024-02-08T16:39:15.518939Z,Great Smoky Mountains National Park,GRSM_Superintendent@nps.gov
2026-03-15,Sparks Lane closed due to high water.,aa43d898-6fea-4d90-2cc1-08d4c7ad36e2,incident,['Sparks Lane '],eastbound,Sparks Lane closed due to high water.,Great Smoky Mountains National Park,2024-02-08T16:39:15.518939Z,Great Smoky Mountains National Park,GRSM_Superintendent@nps.gov
2026-03-15,East Portal Road Closed,afcef950-61c2-46ac-2c54-08d4c7ad36e2,incident,['East Portal'],eastbound,The East Portal Road is closed for the winter season.,Curecanti National Recreation Area,2024-05-06T15:27:45.941462Z,Curecanti National Recreation Area,CURE_Superintendent@nps.gov
2026-03-15,East Portal Road Closed,afcef950-61c2-46ac-2c54-08d4c7ad36e2,incident,['East Portal'],westbound,The East Portal Road is closed for the winter season.,Curecanti National Recreation Area,2024-05-06T15:27:45.941462Z,Curecanti National Recreation Area,CURE_Superintendent@nps.gov
2026-03-15,Dingmans Falls Road Bridge Replacement,c8a6b124-d7a0-49fd-2c61-08d4c7ad36e2,work-zone,['Dingmans Falls Road'],westbound,"The road to Dingmans Falls is closed for a bridge replacement project over the Summer of 2025. All traffic, including pedestrian and cyclist, is prohibited.",Delaware Water Gap,2025-05-13T16:22:17.178633Z,Delaware Water Gap,dewa_Superintendent@nps.gov
2026-03-15,Dingmans Falls Road Bridge Replacement,c8a6b124-d7a0-49fd-2c61-08d4c7ad36e2,work-zone,['Dingmans Falls Road'],eastbound,"The road to Dingmans Falls is closed for a bridge replacement project over the Summer of 2025. All traffic, including pedestrian and cyclist, is prohibited.",Delaware Water Gap,2025-05-13T16:22:17.178633Z,Delaware Water Gap,dewa_Superintendent@nps.gov
2026-03-15,Road Closures in New Jersey,c8a6b124-d7a0-49fd-2c61-08d4c7ad36e2,incident,['Main Street and Route 615'],westbound,"The bridge on Main Street in Walpack Center is closed indefinitely due to structural damage from a vehicle collision.

Route 615 is closed in Flatbrookville due to landslide and active slope failure.",Delaware Water Gap,2025-05-13T16:22:17.178633Z,Delaware Water Gap,dewa_Superintendent@nps.gov
2026-03-15,Road Closures in New Jersey,c8a6b124-d7a0-49fd-2c61-08d4c7ad36e2,incident,['Main Street and Route 615'],eastbound,"The bridge on Main Street in Walpack Center is closed indefinitely due to structural damage from a vehicle collision.

Route 615 is closed in Flatbrookville due to landslide and active slope failure.",Delaware Water Gap,2025-05-13T16:22:17.178633Z,Delaware Water Gap,dewa_Superintendent@nps.gov
2026-03-15,Road Closures in New Jersey,c8a6b124-d7a0-49fd-2c61-08d4c7ad36e2,incident,['Main Street and Route 615'],eastbound,"The bridge on Main Street in Walpack Center is closed indefinitely due to structural damage from a vehicle collision.

Route 615 is closed in Flatbrookville due to landslide and active slope failure.",Delaware Water Gap,2025-05-13T16:22:17.178633Z,Delaware Water Gap,dewa_Superintendent@nps.gov
2026-03-15,Road Closures in New Jersey,c8a6b124-d7a0-49fd-2c61-08d4c7ad36e2,incident,['Main Street and Route 615'],westbound,"The bridge on Main Street in Walpack Center is closed indefinitely due to structural damage from a vehicle collision.

Route 615 is closed in Flatbrookville due to landslide and active slope failure.",Delaware Water Gap,2025-05-13T16:22:17.178633Z,Delaware Water Gap,dewa_Superintendent@nps.gov
2026-03-15,Routine Winter Service Levels,c8a6b124-d7a0-49fd-2c61-08d4c7ad36e2,incident,"['River Road', 'Old Mine Road mm 7 - 14', 'Old Mine Road Dirt', 'Blue Mountain Lakes Road', 'Mountain Road', 'Jager Road']",northbound,Some roads may receive no winter maintenance or will close until clear of snow and ice naturally. A few will be gated and closed to all vehicle traffic through the winter.,Delaware Water Gap,2025-05-13T16:22:17.178633Z,Delaware Water Gap,dewa_Superintendent@nps.gov
2026-03-15,Routine Winter Service Levels,c8a6b124-d7a0-49fd-2c61-08d4c7ad36e2,incident,"['River Road', 'Old Mine Road mm 7 - 14', 'Old Mine Road Dirt', 'Blue Mountain Lakes Road', 'Mountain Road', 'Jager Road']",eastbound,Some roads may receive no winter maintenance or will close until clear of snow and ice naturally. A few will be gated and closed to all vehicle traffic through the winter.,Delaware Water Gap,2025-05-13T16:22:17.178633Z,Delaware Water Gap,dewa_Superintendent@nps.gov
2026-03-15,Routine Winter Service Levels,c8a6b124-d7a0-49fd-2c61-08d4c7ad36e2,incident,"['River Road', 'Old Mine Road mm 7 - 14', 'Old Mine Road Dirt', 'Blue Mountain Lakes Road', 'Mountain Road', 'Jager Road']",westbound,Some roads may receive no winter maintenance or will close until clear of snow and ice naturally. A few will be gated and closed to all vehicle traffic through the winter.,Delaware Water Gap,2025-05-13T16:22:17.178633Z,Delaware Water Gap,dewa_Superintendent@nps.gov
2026-03-15,Routine Winter Service Levels,c8a6b124-d7a0-49fd-2c61-08d4c7ad36e2,incident,"['River Road', 'Old Mine Road mm 7 - 14', 'Old Mine Road Dirt', 'Blue Mountain Lakes Road', 'Mountain Road', 'Jager Road']",southbound,Some roads may receive no winter maintenance or will close until clear of snow and ice naturally. A few will be gated and closed to all vehicle traffic through the winter.,Delaware Water Gap,2025-05-13T16:22:17.178633Z,Delaware Water Gap,dewa_Superintendent@nps.gov
2026-03-15,Routine Winter Service Levels,c8a6b124-d7a0-49fd-2c61-08d4c7ad36e2,incident,"['River Road', 'Old Mine Road mm 7 - 14', 'Old Mine Road Dirt', 'Blue Mountain Lakes Road', 'Mountain Road', 'Jager Road']",eastbound,Some roads may receive no winter maintenance or will close until clear of snow and ice naturally. A few will be gated and closed to all vehicle traffic through the winter.,Delaware Water Gap,2025-05-13T16:22:17.178633Z,Delaware Water Gap,dewa_Superintendent@nps.gov
2026-03-15,Routine Winter Service Levels,c8a6b124-d7a0-49fd-2c61-08d4c7ad36e2,incident,"['River Road', 'Old Mine Road mm 7 - 14', 'Old Mine Road Dirt', 'Blue Mountain Lakes Road', 'Mountain Road', 'Jager Road']",northbound,Some roads may receive no winter maintenance or will close until clear of snow and ice naturally. A few will be gated and closed to all vehicle traffic through the winter.,Delaware Water Gap,2025-05-13T16:22:17.178633Z,Delaware Water Gap,dewa_Superintendent@nps.gov
2026-03-15,Routine Winter Service Levels,c8a6b124-d7a0-49fd-2c61-08d4c7ad36e2,incident,"['River Road', 'Old Mine Road mm 7 - 14', 'Old Mine Road Dirt', 'Blue Mountain Lakes Road', 'Mountain Road', 'Jager Road']",southbound,Some roads may receive no winter maintenance or will close until clear of snow and ice naturally. A few will be gated and closed to all vehicle traffic through the winter.,Delaware Water Gap,2025-05-13T16:22:17.178633Z,Delaware Water Gap,dewa_Superintendent@nps.gov
2026-03-15,Routine Winter Service Levels,c8a6b124-d7a0-49fd-2c61-08d4c7ad36e2,incident,"['River Road', 'Old Mine Road mm 7 - 14', 'Old Mine Road Dirt', 'Blue Mountain Lakes Road', 'Mountain Road', 'Jager Road']",westbound,Some roads may receive no winter maintenance or will close until clear of snow and ice naturally. A few will be gated and closed to all vehicle traffic through the winter.,Delaware Water Gap,2025-05-13T16:22:17.178633Z,Delaware Water Gap,dewa_Superintendent@nps.gov
2026-03-15,Van Campens Brook Bridge Repair Project,c8a6b124-d7a0-49fd-2c61-08d4c7ad36e2,work-zone,['Old Mine Road'],northbound,"Due to a bridge repair project over the Van Campens Brook, visitors on Old Mine Road may encounter delays over Summer 2025. The road will remain open, with single-lane traffic during working hours.",Delaware Water Gap,2025-05-13T16:22:17.178633Z,Delaware Water Gap,dewa_Superintendent@nps.gov
2026-03-15,Van Campens Brook Bridge Repair Project,c8a6b124-d7a0-49fd-2c61-08d4c7ad36e2,work-zone,['Old Mine Road'],northbound,"Due to a bridge repair project over the Van Campens Brook, visitors on Old Mine Road may encounter delays over Summer 2025. The road will remain open, with single-lane traffic during working hours.",Delaware Water Gap,2025-05-13T16:22:17.178633Z,Delaware Water Gap,dewa_Superintendent@nps.gov
2026-03-15,Van Campens Brook Bridge Repair Project,c8a6b124-d7a0-49fd-2c61-08d4c7ad36e2,work-zone,['Old Mine Road'],southbound,"Due to a bridge repair project over the Van Campens Brook, visitors on Old Mine Road may encounter delays over Summer 2025. The road will remain open, with single-lane traffic during working hours.",Delaware Water Gap,2025-05-13T16:22:17.178633Z,Delaware Water Gap,dewa_Superintendent@nps.gov
2026-03-15,Van Campens Brook Bridge Repair Project,c8a6b124-d7a0-49fd-2c61-08d4c7ad36e2,work-zone,['Old Mine Road'],southbound,"Due to a bridge repair project over the Van Campens Brook, visitors on Old Mine Road may encounter delays over Summer 2025. The road will remain open, with single-lane traffic during working hours.",Delaware Water Gap,2025-05-13T16:22:17.178633Z,Delaware Water Gap,dewa_Superintendent@nps.gov
2026-03-15,Lassen National Park Highway Closed for Winter,c901091f-574b-4cc1-2d1a-08d4c7ad36e2,incident,['Lassen National Park Highway (Hwy 89)'],eastbound,The main park road (Hwy 89) is closed at Kohm Yah-mah-nee Visitor Center (southwest entrance) and Loomis Plaza (northwest entrance) for the snow season. Please use caution if driving to the park and check weather forecasts.,Lassen Volcanic,2025-04-04T23:20:54.390727Z,Lassen Volcanic,lavo_Superintendent@nps.gov
2026-03-15,Lassen National Park Highway Closed for Winter,c901091f-574b-4cc1-2d1a-08d4c7ad36e2,incident,['Lassen National Park Highway (Hwy 89)'],westbound,The main park road (Hwy 89) is closed at Kohm Yah-mah-nee Visitor Center (southwest entrance) and Loomis Plaza (northwest entrance) for the snow season. Please use caution if driving to the park and check weather forecasts.,Lassen Volcanic,2025-04-04T23:20:54.390727Z,Lassen Volcanic,lavo_Superintendent@nps.gov
2026-03-15,Lassen National Park Highway Closed for Winter,c901091f-574b-4cc1-2d1a-08d4c7ad36e2,incident,['Lassen National Park Highway (Hwy 89)'],eastbound,The main park road (Hwy 89) is closed at Kohm Yah-mah-nee Visitor Center (southwest entrance) and Loomis Plaza (northwest entrance) for the snow season. Please use caution if driving to the park and check weather forecasts.,Lassen Volcanic,2025-04-04T23:20:54.390727Z,Lassen Volcanic,lavo_Superintendent@nps.gov
2026-03-15,Lassen National Park Highway Closed for Winter,c901091f-574b-4cc1-2d1a-08d4c7ad36e2,incident,['Lassen National Park Highway (Hwy 89)'],eastbound,The main park road (Hwy 89) is closed at Kohm Yah-mah-nee Visitor Center (southwest entrance) and Loomis Plaza (northwest entrance) for the snow season. Please use caution if driving to the park and check weather forecasts.,Lassen Volcanic,2025-04-04T23:20:54.390727Z,Lassen Volcanic,lavo_Superintendent@nps.gov
2026-03-15,Lassen National Park Highway Closed for Winter,c901091f-574b-4cc1-2d1a-08d4c7ad36e2,incident,['Lassen National Park Highway (Hwy 89)'],northbound,The main park road (Hwy 89) is closed at Kohm Yah-mah-nee Visitor Center (southwest entrance) and Loomis Plaza (northwest entrance) for the snow season. Please use caution if driving to the park and check weather forecasts.,Lassen Volcanic,2025-04-04T23:20:54.390727Z,Lassen Volcanic,lavo_Superintendent@nps.gov
2026-03-15,Lassen National Park Highway Closed for Winter,c901091f-574b-4cc1-2d1a-08d4c7ad36e2,incident,['Lassen National Park Highway (Hwy 89)'],westbound,The main park road (Hwy 89) is closed at Kohm Yah-mah-nee Visitor Center (southwest entrance) and Loomis Plaza (northwest entrance) for the snow season. Please use caution if driving to the park and check weather forecasts.,Lassen Volcanic,2025-04-04T23:20:54.390727Z,Lassen Volcanic,lavo_Superintendent@nps.gov
2026-03-15,Lassen National Park Highway Closed for Winter,c901091f-574b-4cc1-2d1a-08d4c7ad36e2,incident,['Lassen National Park Highway (Hwy 89)'],southbound,The main park road (Hwy 89) is closed at Kohm Yah-mah-nee Visitor Center (southwest entrance) and Loomis Plaza (northwest entrance) for the snow season. Please use caution if driving to the park and check weather forecasts.,Lassen Volcanic,2025-04-04T23:20:54.390727Z,Lassen Volcanic,lavo_Superintendent@nps.gov
2026-03-15,Lassen National Park Highway Closed for Winter,c901091f-574b-4cc1-2d1a-08d4c7ad36e2,incident,['Lassen National Park Highway (Hwy 89)'],eastbound,The main park road (Hwy 89) is closed at Kohm Yah-mah-nee Visitor Center (southwest entrance) and Loomis Plaza (northwest entrance) for the snow season. Please use caution if driving to the park and check weather forecasts.,Lassen Volcanic,2025-04-04T23:20:54.390727Z,Lassen Volcanic,lavo_Superintendent@nps.gov
2026-03-15,Lassen National Park Highway Closed for Winter,c901091f-574b-4cc1-2d1a-08d4c7ad36e2,incident,['Lassen National Park Highway (Hwy 89)'],westbound,The main park road (Hwy 89) is closed at Kohm Yah-mah-nee Visitor Center (southwest entrance) and Loomis Plaza (northwest entrance) for the snow season. Please use caution if driving to the park and check weather forecasts.,Lassen Volcanic,2025-04-04T23:20:54.390727Z,Lassen Volcanic,lavo_Superintendent@nps.gov
2026-03-15,Lassen National Park Highway Closed for Winter,c901091f-574b-4cc1-2d1a-08d4c7ad36e2,incident,['Lassen National Park Highway (Hwy 89)'],westbound,The main park road (Hwy 89) is closed at Kohm Yah-mah-nee Visitor Center (southwest entrance) and Loomis Plaza (northwest entrance) for the snow season. Please use caution if driving to the park and check weather forecasts.,Lassen Volcanic,2025-04-04T23:20:54.390727Z,Lassen Volcanic,lavo_Superintendent@nps.gov
2026-03-15,Lassen National Park Highway Closed for Winter,c901091f-574b-4cc1-2d1a-08d4c7ad36e2,incident,['Lassen National Park Highway (Hwy 89)'],eastbound,The main park road (Hwy 89) is closed at Kohm Yah-mah-nee Visitor Center (southwest entrance) and Loomis Plaza (northwest entrance) for the snow season. Please use caution if driving to the park and check weather forecasts.,Lassen Volcanic,2025-04-04T23:20:54.390727Z,Lassen Volcanic,lavo_Superintendent@nps.gov
2026-03-15,Lassen National Park Highway Closed for Winter,c901091f-574b-4cc1-2d1a-08d4c7ad36e2,incident,['Lassen National Park Highway (Hwy 89)'],westbound,The main park road (Hwy 89) is closed at Kohm Yah-mah-nee Visitor Center (southwest entrance) and Loomis Plaza (northwest entrance) for the snow season. Please use caution if driving to the park and check weather forecasts.,Lassen Volcanic,2025-04-04T23:20:54.390727Z,Lassen Volcanic,lavo_Superintendent@nps.gov
2026-03-15,"Roads to Butte Lake, Juniper Lake, and Warner Valley Closed for Winter",c901091f-574b-4cc1-2d1a-08d4c7ad36e2,incident,"['Butte Lake Road', 'Juniper Lake Road', 'Warner Valley Road']",eastbound,"Roads to Butte Lake, Juniper Lake, and Warner Valley areas are closed to vehicle access due to snow. Roads leading to Juniper Lake and Warner Valley sustained significant damage outside of the park with no ETA for repair. ",Lassen Volcanic,2025-04-04T23:20:54.390727Z,Lassen Volcanic,lavo_Superintendent@nps.gov
2026-03-15,"Roads to Butte Lake, Juniper Lake, and Warner Valley Closed for Winter",c901091f-574b-4cc1-2d1a-08d4c7ad36e2,incident,"['Butte Lake Road', 'Juniper Lake Road', 'Warner Valley Road']",southbound,"Roads to Butte Lake, Juniper Lake, and Warner Valley areas are closed to vehicle access due to snow. Roads leading to Juniper Lake and Warner Valley sustained significant damage outside of the park with no ETA for repair. ",Lassen Volcanic,2025-04-04T23:20:54.390727Z,Lassen Volcanic,lavo_Superintendent@nps.gov
2026-03-15,"Roads to Butte Lake, Juniper Lake, and Warner Valley Closed for Winter",c901091f-574b-4cc1-2d1a-08d4c7ad36e2,incident,"['Butte Lake Road', 'Juniper Lake Road', 'Warner Valley Road']",westbound,"Roads to Butte Lake, Juniper Lake, and Warner Valley areas are closed to vehicle access due to snow. Roads leading to Juniper Lake and Warner Valley sustained significant damage outside of the park with no ETA for repair. ",Lassen Volcanic,2025-04-04T23:20:54.390727Z,Lassen Volcanic,lavo_Superintendent@nps.gov
2026-03-15,"Roads to Butte Lake, Juniper Lake, and Warner Valley Closed for Winter",c901091f-574b-4cc1-2d1a-08d4c7ad36e2,incident,"['Butte Lake Road', 'Juniper Lake Road', 'Warner Valley Road']",eastbound,"Roads to Butte Lake, Juniper Lake, and Warner Valley areas are closed to vehicle access due to snow. Roads leading to Juniper Lake and Warner Valley sustained significant damage outside of the park with no ETA for repair. ",Lassen Volcanic,2025-04-04T23:20:54.390727Z,Lassen Volcanic,lavo_Superintendent@nps.gov
2026-03-15,"Roads to Butte Lake, Juniper Lake, and Warner Valley Closed for Winter",c901091f-574b-4cc1-2d1a-08d4c7ad36e2,incident,"['Butte Lake Road', 'Juniper Lake Road', 'Warner Valley Road']",northbound,"Roads to Butte Lake, Juniper Lake, and Warner Valley areas are closed to vehicle access due to snow. Roads leading to Juniper Lake and Warner Valley sustained significant damage outside of the park with no ETA for repair. ",Lassen Volcanic,2025-04-04T23:20:54.390727Z,Lassen Volcanic,lavo_Superintendent@nps.gov
2026-03-15,"Roads to Butte Lake, Juniper Lake, and Warner Valley Closed for Winter",c901091f-574b-4cc1-2d1a-08d4c7ad36e2,incident,"['Butte Lake Road', 'Juniper Lake Road', 'Warner Valley Road']",westbound,"Roads to Butte Lake, Juniper Lake, and Warner Valley areas are closed to vehicle access due to snow. Roads leading to Juniper Lake and Warner Valley sustained significant damage outside of the park with no ETA for repair. ",Lassen Volcanic,2025-04-04T23:20:54.390727Z,Lassen Volcanic,lavo_Superintendent@nps.gov
2026-03-15,"Roads to Butte Lake, Juniper Lake, and Warner Valley Closed for Winter",c901091f-574b-4cc1-2d1a-08d4c7ad36e2,incident,"['Butte Lake Road', 'Juniper Lake Road', 'Warner Valley Road']",westbound,"Roads to Butte Lake, Juniper Lake, and Warner Valley areas are closed to vehicle access due to snow. Roads leading to Juniper Lake and Warner Valley sustained significant damage outside of the park with no ETA for repair. ",Lassen Volcanic,2025-04-04T23:20:54.390727Z,Lassen Volcanic,lavo_Superintendent@nps.gov
2026-03-15,"Roads to Butte Lake, Juniper Lake, and Warner Valley Closed for Winter",c901091f-574b-4cc1-2d1a-08d4c7ad36e2,incident,"['Butte Lake Road', 'Juniper Lake Road', 'Warner Valley Road']",northbound,"Roads to Butte Lake, Juniper Lake, and Warner Valley areas are closed to vehicle access due to snow. Roads leading to Juniper Lake and Warner Valley sustained significant damage outside of the park with no ETA for repair. ",Lassen Volcanic,2025-04-04T23:20:54.390727Z,Lassen Volcanic,lavo_Superintendent@nps.gov
2026-03-15,"Roads to Butte Lake, Juniper Lake, and Warner Valley Closed for Winter",c901091f-574b-4cc1-2d1a-08d4c7ad36e2,incident,"['Butte Lake Road', 'Juniper Lake Road', 'Warner Valley Road']",eastbound,"Roads to Butte Lake, Juniper Lake, and Warner Valley areas are closed to vehicle access due to snow. Roads leading to Juniper Lake and Warner Valley sustained significant damage outside of the park with no ETA for repair. ",Lassen Volcanic,2025-04-04T23:20:54.390727Z,Lassen Volcanic,lavo_Superintendent@nps.gov
2026-03-15,"Roads to Butte Lake, Juniper Lake, and Warner Valley Closed for Winter",c901091f-574b-4cc1-2d1a-08d4c7ad36e2,incident,"['Butte Lake Road', 'Juniper Lake Road', 'Warner Valley Road']",southbound,"Roads to Butte Lake, Juniper Lake, and Warner Valley areas are closed to vehicle access due to snow. Roads leading to Juniper Lake and Warner Valley sustained significant damage outside of the park with no ETA for repair. ",Lassen Volcanic,2025-04-04T23:20:54.390727Z,Lassen Volcanic,lavo_Superintendent@nps.gov
2026-03-15,Road Repavement,c96651fe-ac5b-4213-2d51-08d4c7ad36e2,work-zone,['Natchez Trace Parkway'],northbound,The parkway is closed from milepost 181 near MS HWY 413 to milepost 204 near US HWY 82 in Choctaw and Webster counties. A definitive reopening date is not available at this time. Construction will continue into 2026. ,Natchez Trace Parkway,2023-09-29T20:47:00.560891Z,Natchez Trace Parkway,NATR_Superintendent@nps.gov
2026-03-15,Road Repavement,c96651fe-ac5b-4213-2d51-08d4c7ad36e2,work-zone,['Natchez Trace Parkway'],southbound,The parkway is closed from milepost 181 near MS HWY 413 to milepost 204 near US HWY 82 in Choctaw and Webster counties. A definitive reopening date is not available at this time. Construction will continue into 2026. ,Natchez Trace Parkway,2023-09-29T20:47:00.560891Z,Natchez Trace Parkway,NATR_Superintendent@nps.gov
2026-03-15,Winter Closures,d45494ce-5b26-426d-2c07-08d4c7ad36e2,incident,"['South Rim Road', 'North Rim Road', 'East Portal Road']",westbound,The following roads are closed for the winter season: [1] South Rim Road beyond the visitor center. [2] North Rim Road is closed to vehicles and gated at the park boundary. [3] East Portal Road.,Black Canyon of the Gunnison National Park,2024-02-26T21:51:17.789042Z,Black Canyon of the Gunnison National Park,BLCA_Superintendent@nps.gov
2026-03-15,Winter Closures,d45494ce-5b26-426d-2c07-08d4c7ad36e2,incident,"['South Rim Road', 'North Rim Road', 'East Portal Road']",westbound,The following roads are closed for the winter season: [1] South Rim Road beyond the visitor center. [2] North Rim Road is closed to vehicles and gated at the park boundary. [3] East Portal Road.,Black Canyon of the Gunnison National Park,2024-02-26T21:51:17.789042Z,Black Canyon of the Gunnison National Park,BLCA_Superintendent@nps.gov
2026-03-15,Winter Closures,d45494ce-5b26-426d-2c07-08d4c7ad36e2,incident,"['South Rim Road', 'North Rim Road', 'East Portal Road']",westbound,The following roads are closed for the winter season: [1] South Rim Road beyond the visitor center. [2] North Rim Road is closed to vehicles and gated at the park boundary. [3] East Portal Road.,Black Canyon of the Gunnison National Park,2024-02-26T21:51:17.789042Z,Black Canyon of the Gunnison National Park,BLCA_Superintendent@nps.gov
2026-03-15,Winter Closures,d45494ce-5b26-426d-2c07-08d4c7ad36e2,incident,"['South Rim Road', 'North Rim Road', 'East Portal Road']",eastbound,The following roads are closed for the winter season: [1] South Rim Road beyond the visitor center. [2] North Rim Road is closed to vehicles and gated at the park boundary. [3] East Portal Road.,Black Canyon of the Gunnison National Park,2024-02-26T21:51:17.789042Z,Black Canyon of the Gunnison National Park,BLCA_Superintendent@nps.gov
2026-03-15,Winter Closures,d45494ce-5b26-426d-2c07-08d4c7ad36e2,incident,"['South Rim Road', 'North Rim Road', 'East Portal Road']",eastbound,The following roads are closed for the winter season: [1] South Rim Road beyond the visitor center. [2] North Rim Road is closed to vehicles and gated at the park boundary. [3] East Portal Road.,Black Canyon of the Gunnison National Park,2024-02-26T21:51:17.789042Z,Black Canyon of the Gunnison National Park,BLCA_Superintendent@nps.gov
2026-03-15,Winter Closures,d45494ce-5b26-426d-2c07-08d4c7ad36e2,incident,"['South Rim Road', 'North Rim Road', 'East Portal Road']",northbound,The following roads are closed for the winter season: [1] South Rim Road beyond the visitor center. [2] North Rim Road is closed to vehicles and gated at the park boundary. [3] East Portal Road.,Black Canyon of the Gunnison National Park,2024-02-26T21:51:17.789042Z,Black Canyon of the Gunnison National Park,BLCA_Superintendent@nps.gov
2026-03-15,Winter Closures,d45494ce-5b26-426d-2c07-08d4c7ad36e2,incident,"['South Rim Road', 'North Rim Road', 'East Portal Road']",eastbound,The following roads are closed for the winter season: [1] South Rim Road beyond the visitor center. [2] North Rim Road is closed to vehicles and gated at the park boundary. [3] East Portal Road.,Black Canyon of the Gunnison National Park,2024-02-26T21:51:17.789042Z,Black Canyon of the Gunnison National Park,BLCA_Superintendent@nps.gov
2026-03-15,Winter Closures,d45494ce-5b26-426d-2c07-08d4c7ad36e2,incident,"['South Rim Road', 'North Rim Road', 'East Portal Road']",southbound,The following roads are closed for the winter season: [1] South Rim Road beyond the visitor center. [2] North Rim Road is closed to vehicles and gated at the park boundary. [3] East Portal Road.,Black Canyon of the Gunnison National Park,2024-02-26T21:51:17.789042Z,Black Canyon of the Gunnison National Park,BLCA_Superintendent@nps.gov
2026-03-15,Winter Road Closures,d6becc72-18a7-4dff-2cb7-08d4c7ad36e2,incident,"['Wheeler Peak Scenic Drive', 'Snake Creek Road', 'Strawberry Creek Road', 'Baker Creek Road']",eastbound,Wheeler Peak Scenic Drive is closed at Upper Lehman Creek Campground (mile 3). Snake Creek Road and Strawberry Creek Road are closed at the park boundary. Baker Creek Road is closed at the Winter Turnaround.,Great Basin National Park,2023-11-17T18:58:26.600446Z,Great Basin National Park,GRBA_Superintendent@nps.gov
2026-03-15,Winter Road Closures,d6becc72-18a7-4dff-2cb7-08d4c7ad36e2,incident,"['Wheeler Peak Scenic Drive', 'Snake Creek Road', 'Strawberry Creek Road', 'Baker Creek Road']",westbound,Wheeler Peak Scenic Drive is closed at Upper Lehman Creek Campground (mile 3). Snake Creek Road and Strawberry Creek Road are closed at the park boundary. Baker Creek Road is closed at the Winter Turnaround.,Great Basin National Park,2023-11-17T18:58:26.600446Z,Great Basin National Park,GRBA_Superintendent@nps.gov
2026-03-15,Winter Road Closures,d6becc72-18a7-4dff-2cb7-08d4c7ad36e2,incident,"['Wheeler Peak Scenic Drive', 'Snake Creek Road', 'Strawberry Creek Road', 'Baker Creek Road']",eastbound,Wheeler Peak Scenic Drive is closed at Upper Lehman Creek Campground (mile 3). Snake Creek Road and Strawberry Creek Road are closed at the park boundary. Baker Creek Road is closed at the Winter Turnaround.,Great Basin National Park,2023-11-17T18:58:26.600446Z,Great Basin National Park,GRBA_Superintendent@nps.gov
2026-03-15,Winter Road Closures,d6becc72-18a7-4dff-2cb7-08d4c7ad36e2,incident,"['Wheeler Peak Scenic Drive', 'Snake Creek Road', 'Strawberry Creek Road', 'Baker Creek Road']",eastbound,Wheeler Peak Scenic Drive is closed at Upper Lehman Creek Campground (mile 3). Snake Creek Road and Strawberry Creek Road are closed at the park boundary. Baker Creek Road is closed at the Winter Turnaround.,Great Basin National Park,2023-11-17T18:58:26.600446Z,Great Basin National Park,GRBA_Superintendent@nps.gov
2026-03-15,Winter Road Closures,d6becc72-18a7-4dff-2cb7-08d4c7ad36e2,incident,"['Wheeler Peak Scenic Drive', 'Snake Creek Road', 'Strawberry Creek Road', 'Baker Creek Road']",westbound,Wheeler Peak Scenic Drive is closed at Upper Lehman Creek Campground (mile 3). Snake Creek Road and Strawberry Creek Road are closed at the park boundary. Baker Creek Road is closed at the Winter Turnaround.,Great Basin National Park,2023-11-17T18:58:26.600446Z,Great Basin National Park,GRBA_Superintendent@nps.gov
2026-03-15,Winter Road Closures,d6becc72-18a7-4dff-2cb7-08d4c7ad36e2,incident,"['Wheeler Peak Scenic Drive', 'Snake Creek Road', 'Strawberry Creek Road', 'Baker Creek Road']",westbound,Wheeler Peak Scenic Drive is closed at Upper Lehman Creek Campground (mile 3). Snake Creek Road and Strawberry Creek Road are closed at the park boundary. Baker Creek Road is closed at the Winter Turnaround.,Great Basin National Park,2023-11-17T18:58:26.600446Z,Great Basin National Park,GRBA_Superintendent@nps.gov
2026-03-15,Winter Road Closures,d6becc72-18a7-4dff-2cb7-08d4c7ad36e2,incident,"['Wheeler Peak Scenic Drive', 'Snake Creek Road', 'Strawberry Creek Road', 'Baker Creek Road']",westbound,Wheeler Peak Scenic Drive is closed at Upper Lehman Creek Campground (mile 3). Snake Creek Road and Strawberry Creek Road are closed at the park boundary. Baker Creek Road is closed at the Winter Turnaround.,Great Basin National Park,2023-11-17T18:58:26.600446Z,Great Basin National Park,GRBA_Superintendent@nps.gov
2026-03-15,Winter Road Closures,d6becc72-18a7-4dff-2cb7-08d4c7ad36e2,incident,"['Wheeler Peak Scenic Drive', 'Snake Creek Road', 'Strawberry Creek Road', 'Baker Creek Road']",eastbound,Wheeler Peak Scenic Drive is closed at Upper Lehman Creek Campground (mile 3). Snake Creek Road and Strawberry Creek Road are closed at the park boundary. Baker Creek Road is closed at the Winter Turnaround.,Great Basin National Park,2023-11-17T18:58:26.600446Z,Great Basin National Park,GRBA_Superintendent@nps.gov
2026-03-15,Traffic Delays for Bunker Road and Baker-Barry Tunnel March 18 8am to 4pm,e066984a-abca-48aa-2cb4-08d4c7ad36e2,work-zone,"['Bunker Road', 'Baker-Barry Tunnel', 'Conzelman Road']",westbound,Roads crew will be cleaning the Baker-Barry tunnel on March 18th between 8:00 AM and 4:00 PM. Traffic entering the park will experience up to 20-minute delays. All traffic exiting the park will be routed over McCullough to Conzelman Road. ,Golden Gate National Recreation Area,2023-09-27T19:51:56.587548Z,Golden Gate National Recreation Area,GOGA_Superintendent@nps.gov
2026-03-15,Traffic Delays for Bunker Road and Baker-Barry Tunnel March 18 8am to 4pm,e066984a-abca-48aa-2cb4-08d4c7ad36e2,work-zone,"['Bunker Road', 'Baker-Barry Tunnel', 'Conzelman Road']",eastbound,Roads crew will be cleaning the Baker-Barry tunnel on March 18th between 8:00 AM and 4:00 PM. Traffic entering the park will experience up to 20-minute delays. All traffic exiting the park will be routed over McCullough to Conzelman Road. ,Golden Gate National Recreation Area,2023-09-27T19:51:56.587548Z,Golden Gate National Recreation Area,GOGA_Superintendent@nps.gov
